BEGIN TRANSACTION;
CREATE TABLE "MonEtablissement_competence" ("id" integer NOT NULL PRIMARY KEY AUTOINCREMENT, "description" varchar(250) NOT NULL, "sequence_f_id" integer NULL REFERENCES "MonEtablissement_messequence" ("id"));
INSERT INTO MonEtablissement_competence VALUES(1,'Déterminer une valeur médiane d''une série statistique et en donner la signification',2);
INSERT INTO MonEtablissement_competence VALUES(2,'Exprimer et exploiter les résultats de mesures d''une grandeur',2);
INSERT INTO MonEtablissement_competence VALUES(3,'Déterminer des valeurs pour les premier et troisième quartiles d''une série statistique et en donner la signification',3);
INSERT INTO MonEtablissement_competence VALUES(4,'Déterminer l''étendue d''une série statistique',3);
INSERT INTO MonEtablissement_competence VALUES(5,'Comprendre et utiliser des notions élémentaires de probabilité ',4);
INSERT INTO MonEtablissement_competence VALUES(6,' Calculer des probabilités dans des contextes familiers',4);
INSERT INTO MonEtablissement_competence VALUES(7,'Savoir mener des opérations sur les nombres relatifs en écriture fractionnaire',5);
INSERT INTO MonEtablissement_competence VALUES(8,'Connaître et utiliser la proportionnalité des longueurs pour les côtés des deux triangles déterminés par deux parallèles coupant deux droites sécantes',6);
INSERT INTO MonEtablissement_competence VALUES(9,'a calculatrice est exigible)Savoir que si a désigne un nombre positif, √a est le nombre positif dont le carré est a et utiliser les égalités (√a)²=a=√(a²) (socle : seul le calcul à l',7);
INSERT INTO MonEtablissement_competence VALUES(10,'Déterminer sur des exemples numériques, les nombres x tel que x²=a ou a est un nombre positif',7);
INSERT INTO MonEtablissement_competence VALUES(11,'Connaître et utiliser sur des exemples numériques les formules √(axb)=√ax√b et √(a/b)=√a/√b',7);
INSERT INTO MonEtablissement_competence VALUES(12,'Connaître et utiliser les relations entre le cosinus, le sinus ou la tangente d''un angle aigu et les longueurs de deux des côtés d''un triangle rectangle',8);
INSERT INTO MonEtablissement_competence VALUES(13,'Déterminer à l''aide de la calculatrice des valeurs approchées : du sinus, du cosinus et de la tangente d''un angle aigu ainsi que de l''angle aigu dont on connaît le cosinus, le sinus ou la tangente',8);
INSERT INTO MonEtablissement_competence VALUES(14,'Déterminer si deux entiers  sont premiers entre eux ',9);
INSERT INTO MonEtablissement_competence VALUES(15,'Calculer le PGCD de deux entiers',9);
INSERT INTO MonEtablissement_competence VALUES(16,'Connaître et utiliser un algorithme donnant le PGCD de deux entiers (algorithme des soustractions, algorithme d''Euclide)',9);
INSERT INTO MonEtablissement_competence VALUES(17,'Simplifier une fraction donnée pour la rendre irréductible, et avec la calculatrice',9);
INSERT INTO MonEtablissement_competence VALUES(18,'Connaître et utiliser la nature des sections du cube, du parallélépipède rectangle par un plan parallèle à une face, à une arête (3G41)',10);
INSERT INTO MonEtablissement_competence VALUES(19,'Connaître et utiliser la nature des sections du cylindre de révolution par un plan parallèle ou perpendiculaire à son axe',10);
INSERT INTO MonEtablissement_competence VALUES(20,'Connaître et utiliser les sections d''un cône de révolution et d''une pyramide par un plan parallèle à la base',10);
INSERT INTO MonEtablissement_competence VALUES(21,'Utiliser sur des exemples les égalités am.an=am+n, am/an=am-n, (am)n=amn, (ab)n=anbn, (a/b)n=an/bn ou a et b sont des nombres non nuls et m et n des entiers relatifs',11);
INSERT INTO MonEtablissement_competence VALUES(22,'Factoriser des expressions algébriques dans lesquelles le facteur est apparent',12);
INSERT INTO MonEtablissement_competence VALUES(23,'Connaître les identités : (a+b)(a-b)=a²-b², (a+b)²=a²+2ab+b², (a-b)²=a²-2ab+b² ',12);
INSERT INTO MonEtablissement_competence VALUES(24,'Les utiliser dans les deux sens sur des exemples numériques ou littéraux simples',12);
INSERT INTO MonEtablissement_competence VALUES(25,'Connaître et utiliser un énoncé réciproque',13);
INSERT INTO MonEtablissement_competence VALUES(26,'Déterminer par le calcul l''image d''un nombre donné et l''antécédent d''un nombre donné par une fonction linéaire',14);
INSERT INTO MonEtablissement_competence VALUES(27,'Déterminer l''expression algébrique d''une fonction linéaire à partir de la donnée d''un nombre non nul et de son image',14);
INSERT INTO MonEtablissement_competence VALUES(28,'Représenter graphiquement une fonction linéaire',14);
INSERT INTO MonEtablissement_competence VALUES(29,'Lire et interpréter graphiquement le coefficient d''une fonction linéaire représentée par une droite',14);
INSERT INTO MonEtablissement_competence VALUES(30,'Mettre en équation un problème',15);
INSERT INTO MonEtablissement_competence VALUES(31,'Résoudre une équation mise sous la forme A(x).B(x)=0, ou A(x) et B(x) sont deux expressions du premier degré de la même variable x',15);
INSERT INTO MonEtablissement_competence VALUES(32,'Agrandir ou réduire une figure en utilisant la conservation des angles et la proportionnalité entre les longueurs de la figure initiale et celles de la figure à obtenir ',16);
INSERT INTO MonEtablissement_competence VALUES(33,'Connaître et utiliser le fait que dans un agrandissement ou une réduction de rapport k, l''aire d''une surface est multipliée par k², le volume d''un solide est multiplié par k3.',16);
INSERT INTO MonEtablissement_competence VALUES(34,'Résoudre une inéquation du premier degré à une inconnue à coefficients numériques, représenter ses solutions sur une droite graduée',17);
INSERT INTO MonEtablissement_competence VALUES(35,'Déterminer par le calcul l''image d''un nombre donné et l''antécédent d''un nombre donné par une fonction affine',18);
INSERT INTO MonEtablissement_competence VALUES(36,'Déterminer une fonction affine à partir de la donnée de deux nombres et de leurs images',18);
INSERT INTO MonEtablissement_competence VALUES(37,'Connaître et utiliser la relation y=ax entre les coordonnées (x,y) d''un point M qui est caractéristique de son appartenance à la droite représentative de la fonction affine x->ax+b',18);
INSERT INTO MonEtablissement_competence VALUES(38,'Représenter graphiquement une fonction affine',18);
INSERT INTO MonEtablissement_competence VALUES(39,'Lire et interpréter graphiquement les coefficients d''une fonction affine représentée par une droite',18);
INSERT INTO MonEtablissement_competence VALUES(40,'Déterminer la fonction affine associée à une droite donnée dans un repère',18);
INSERT INTO MonEtablissement_competence VALUES(41,'Connaître et utiliser la relation entre un angle inscrit et l''angle au centre qui intercepte le même arc',19);
INSERT INTO MonEtablissement_competence VALUES(42,'Construire un triangle équilatéral, un carré, un hexagone régulier, un octogone connaissant son centre et un sommet',19);
INSERT INTO MonEtablissement_competence VALUES(43,'Résoudre algébriquement un système de deux équations du premier degré à deux inconnues admettant une solution et une seule, en donner une interprétation graphique',20);
INSERT INTO MonEtablissement_competence VALUES(44,'Représenter la sphère et certains de ses grands cercles',21);
INSERT INTO MonEtablissement_competence VALUES(45,'Calculer le volume d''une boule de rayon donné',21);
INSERT INTO MonEtablissement_competence VALUES(46,'Calculer l''aire d''une sphère de rayon donné',21);
INSERT INTO MonEtablissement_competence VALUES(47,'Connaître la nature de la section d''une sphère par un plan',21);
INSERT INTO MonEtablissement_competence VALUES(48,'Calculer le rayon du cercle intersection connaissant le rayon de la sphère et la distance du plan au centre de la sphère',21);
INSERT INTO MonEtablissement_competence VALUES(49,'Déterminer l''image d''un nombre par une fonction déterminée par une courbe, un tableau de données ou une formule',22);
INSERT INTO MonEtablissement_competence VALUES(50,'Déterminer un antécédent par une lecture directe dans un tableau ou sur une représentation graphique',22);
INSERT INTO MonEtablissement_competence VALUES(51,'Effectuer des changements d''unités sur des grandeurs produits ou des grandeurs quotients',23);
CREATE TABLE "MonEtablissement_domaine" ("id" integer NOT NULL PRIMARY KEY AUTOINCREMENT, "nom" varchar(50) NOT NULL UNIQUE, "color" varchar(7) NOT NULL UNIQUE);
INSERT INTO MonEtablissement_domaine VALUES(1,'Calcul Litteral','#7da750');
INSERT INTO MonEtablissement_domaine VALUES(2,'Géometrie','#4ada51');
INSERT INTO MonEtablissement_domaine VALUES(3,'Calcul Numérique','#8795d6');
INSERT INTO MonEtablissement_domaine VALUES(4,'Gestion de données','#d10e44');
CREATE TABLE "MonEtablissement_eleve" ("id" integer NOT NULL PRIMARY KEY AUTOINCREMENT, "date_de_naissance" date NULL, "ma_classe_id" integer NULL REFERENCES "MonEtablissement_mesclasse" ("id"), "user_id" integer NOT NULL UNIQUE REFERENCES "auth_user" ("id"));
INSERT INTO MonEtablissement_eleve VALUES(1,'2014-12-08',1,2);
INSERT INTO MonEtablissement_eleve VALUES(2,NULL,NULL,3);
INSERT INTO MonEtablissement_eleve VALUES(3,'2014-12-01',1,13);
INSERT INTO MonEtablissement_eleve VALUES(4,NULL,NULL,14);
INSERT INTO MonEtablissement_eleve VALUES(5,NULL,NULL,15);
INSERT INTO MonEtablissement_eleve VALUES(6,NULL,NULL,16);
INSERT INTO MonEtablissement_eleve VALUES(7,NULL,NULL,17);
INSERT INTO MonEtablissement_eleve VALUES(8,NULL,NULL,20);
INSERT INTO MonEtablissement_eleve VALUES(9,NULL,NULL,21);
INSERT INTO MonEtablissement_eleve VALUES(10,NULL,NULL,22);
INSERT INTO MonEtablissement_eleve VALUES(11,'2014-12-01',1,23);
INSERT INTO MonEtablissement_eleve VALUES(12,'2014-12-01',1,24);
INSERT INTO MonEtablissement_eleve VALUES(13,NULL,1,32);
INSERT INTO MonEtablissement_eleve VALUES(14,NULL,1,1);
INSERT INTO MonEtablissement_eleve VALUES(15,NULL,1,39);
INSERT INTO MonEtablissement_eleve VALUES(16,'1983-09-03',1,40);
INSERT INTO MonEtablissement_eleve VALUES(17,'2014-12-01',1,75);
INSERT INTO MonEtablissement_eleve VALUES(18,'2014-12-01',1,77);
INSERT INTO MonEtablissement_eleve VALUES(19,'2014-12-01',1,65);
INSERT INTO MonEtablissement_eleve VALUES(20,'2014-12-01',1,78);
INSERT INTO MonEtablissement_eleve VALUES(21,NULL,1,79);
INSERT INTO MonEtablissement_eleve VALUES(22,NULL,1,66);
INSERT INTO MonEtablissement_eleve VALUES(23,NULL,NULL,96);
INSERT INTO MonEtablissement_eleve VALUES(24,NULL,NULL,97);
INSERT INTO MonEtablissement_eleve VALUES(25,NULL,NULL,98);
INSERT INTO MonEtablissement_eleve VALUES(26,NULL,NULL,99);
INSERT INTO MonEtablissement_eleve VALUES(27,NULL,NULL,100);
INSERT INTO MonEtablissement_eleve VALUES(28,NULL,NULL,101);
INSERT INTO MonEtablissement_eleve VALUES(29,NULL,NULL,102);
INSERT INTO MonEtablissement_eleve VALUES(30,NULL,NULL,105);
INSERT INTO MonEtablissement_eleve VALUES(31,NULL,NULL,106);
INSERT INTO MonEtablissement_eleve VALUES(32,NULL,NULL,107);
INSERT INTO MonEtablissement_eleve VALUES(33,NULL,NULL,108);
INSERT INTO MonEtablissement_eleve VALUES(34,NULL,NULL,109);
INSERT INTO MonEtablissement_eleve VALUES(35,NULL,NULL,110);
INSERT INTO MonEtablissement_eleve VALUES(36,NULL,NULL,111);
INSERT INTO MonEtablissement_eleve VALUES(37,NULL,NULL,112);
INSERT INTO MonEtablissement_eleve VALUES(38,NULL,NULL,113);
INSERT INTO MonEtablissement_eleve VALUES(39,NULL,NULL,114);
INSERT INTO MonEtablissement_eleve VALUES(40,NULL,NULL,115);
INSERT INTO MonEtablissement_eleve VALUES(41,NULL,NULL,116);
INSERT INTO MonEtablissement_eleve VALUES(42,NULL,NULL,117);
INSERT INTO MonEtablissement_eleve VALUES(43,NULL,NULL,118);
INSERT INTO MonEtablissement_eleve VALUES(44,NULL,NULL,119);
INSERT INTO MonEtablissement_eleve VALUES(45,NULL,NULL,120);
INSERT INTO MonEtablissement_eleve VALUES(46,NULL,NULL,121);
INSERT INTO MonEtablissement_eleve VALUES(47,NULL,NULL,122);
INSERT INTO MonEtablissement_eleve VALUES(48,NULL,NULL,123);
INSERT INTO MonEtablissement_eleve VALUES(49,NULL,NULL,124);
INSERT INTO MonEtablissement_eleve VALUES(50,NULL,NULL,125);
INSERT INTO MonEtablissement_eleve VALUES(51,NULL,NULL,126);
INSERT INTO MonEtablissement_eleve VALUES(52,NULL,NULL,127);
INSERT INTO MonEtablissement_eleve VALUES(53,NULL,NULL,128);
INSERT INTO MonEtablissement_eleve VALUES(54,NULL,NULL,129);
INSERT INTO MonEtablissement_eleve VALUES(55,NULL,1,130);
INSERT INTO MonEtablissement_eleve VALUES(56,NULL,1,131);
INSERT INTO MonEtablissement_eleve VALUES(57,NULL,1,132);
INSERT INTO MonEtablissement_eleve VALUES(58,NULL,1,137);
INSERT INTO MonEtablissement_eleve VALUES(59,'1983-09-03',1,138);
INSERT INTO MonEtablissement_eleve VALUES(60,'2014-12-01',1,139);
INSERT INTO MonEtablissement_eleve VALUES(61,NULL,1,140);
CREATE TABLE "MonEtablissement_mesactivite" ("id" integer NOT NULL PRIMARY KEY AUTOINCREMENT, "short_description_activite" varchar(200) NOT NULL, "full_description_activite" text NOT NULL, "docfile" varchar(100) NOT NULL, "ma_seance_id" integer NOT NULL REFERENCES "MonEtablissement_messeance" ("id"));
INSERT INTO MonEtablissement_mesactivite VALUES(2,'test','Description requise pour cette activité','',3);
INSERT INTO MonEtablissement_mesactivite VALUES(3,'Multiples','Questionnaire
Vidéo
Liens
Document','',4);
INSERT INTO MonEtablissement_mesactivite VALUES(4,'deuxième activité','Le cours complet en PDF
','',5);
INSERT INTO MonEtablissement_mesactivite VALUES(6,'questionnaire','Description requise pour cette activité','',4);
INSERT INTO MonEtablissement_mesactivite VALUES(7,'bam','Description requise pour cette activité','',4);
CREATE TABLE "MonEtablissement_mesclasse" ("id" integer NOT NULL PRIMARY KEY AUTOINCREMENT, "nom_etablissement_text" varchar(200) NOT NULL, "niveau_id" integer NOT NULL REFERENCES "MonEtablissement_mesniveaux" ("id"), "annee_cours_dateint" integer NOT NULL);
INSERT INTO MonEtablissement_mesclasse VALUES(1,'test établissement',1,2014);
INSERT INTO MonEtablissement_mesclasse VALUES(2,'test',4,2015);
CREATE TABLE "MonEtablissement_mesniveaux" ("id" integer NOT NULL PRIMARY KEY AUTOINCREMENT, "niveau" integer NOT NULL UNIQUE);
INSERT INTO MonEtablissement_mesniveaux VALUES(1,5);
INSERT INTO MonEtablissement_mesniveaux VALUES(2,6);
INSERT INTO MonEtablissement_mesniveaux VALUES(3,4);
INSERT INTO MonEtablissement_mesniveaux VALUES(4,3);
CREATE TABLE "MonEtablissement_mesquestion" ("id" integer NOT NULL PRIMARY KEY AUTOINCREMENT, "enonce" text NOT NULL, "resume" varchar(200) NOT NULL, "activite_id" integer NOT NULL REFERENCES "MonEtablissement_mesactivite" ("id"));
INSERT INTO MonEtablissement_mesquestion VALUES(3,' Combien font 1 + 1','calcul simple',6);
INSERT INTO MonEtablissement_mesquestion VALUES(4,'combien font 2+2','question test',3);
INSERT INTO MonEtablissement_mesquestion VALUES(5,'combien font 3+3','question test',3);
INSERT INTO MonEtablissement_mesquestion VALUES(6,'Combien font 10 +10','Bing',7);
CREATE TABLE "MonEtablissement_mesreponse" ("id" integer NOT NULL PRIMARY KEY AUTOINCREMENT, "verify" bool NOT NULL, "reponse_text" varchar(200) NULL, "question_id" integer NOT NULL REFERENCES "MonEtablissement_mesquestion" ("id"));
INSERT INTO MonEtablissement_mesreponse VALUES(8,1,2,3);
INSERT INTO MonEtablissement_mesreponse VALUES(9,0,0,3);
INSERT INTO MonEtablissement_mesreponse VALUES(10,0,1,3);
INSERT INTO MonEtablissement_mesreponse VALUES(11,1,4,4);
INSERT INTO MonEtablissement_mesreponse VALUES(12,0,0,4);
INSERT INTO MonEtablissement_mesreponse VALUES(13,0,2,4);
INSERT INTO MonEtablissement_mesreponse VALUES(14,1,6,5);
INSERT INTO MonEtablissement_mesreponse VALUES(15,0,58,5);
INSERT INTO MonEtablissement_mesreponse VALUES(16,0,855,5);
INSERT INTO MonEtablissement_mesreponse VALUES(17,1,20,6);
INSERT INTO MonEtablissement_mesreponse VALUES(18,0,10,6);
INSERT INTO MonEtablissement_mesreponse VALUES(19,0,0,6);
CREATE TABLE "MonEtablissement_messeance" ("id" integer NOT NULL PRIMARY KEY AUTOINCREMENT, "short_description_seance" varchar(200) NOT NULL, "full_description_seance" text NOT NULL, "ma_sequence_id" integer NOT NULL REFERENCES "MonEtablissement_messequence" ("id"));
INSERT INTO MonEtablissement_messeance VALUES(3,'test','Description requise',1);
INSERT INTO MonEtablissement_messeance VALUES(4,'test2','Description requise',2);
INSERT INTO MonEtablissement_messeance VALUES(5,'ploup','Description requise',1);
INSERT INTO MonEtablissement_messeance VALUES(6,'bim','Description requise',1);
CREATE TABLE "MonEtablissement_messequence" ("id" integer NOT NULL PRIMARY KEY AUTOINCREMENT, "short_description_sequence" varchar(200) NOT NULL, "domaine_id" integer NULL REFERENCES "MonEtablissement_domaine" ("id"), "ordre" integer NULL, "sequence_en_cours" bool NOT NULL, "ma_classe_id" integer NULL REFERENCES "MonEtablissement_mesclasse" ("id"), "niveau_id" integer NULL REFERENCES "MonEtablissement_mesniveaux" ("id"), "full_description_sequence" text NULL);
INSERT INTO MonEtablissement_messequence VALUES(1,'test',3,NULL,0,2,4,'Séquence de test');
INSERT INTO MonEtablissement_messequence VALUES(2,'STATISTIQUES 1',4,1,0,NULL,4,'Apprentissage des méthodes et outil pour maîtriser la gestion de donnée');
INSERT INTO MonEtablissement_messequence VALUES(3,'STATISTIQUES 2',4,10,0,NULL,4,'Deuxième séquence consacrée à l"apprentissage des méthodes et outil pour maîtriser la gestion de donnée');
INSERT INTO MonEtablissement_messequence VALUES(4,'PROBABILITES',4,12,0,NULL,4,'Introduction aux probabilités');
INSERT INTO MonEtablissement_messequence VALUES(5,'NOMBRES EN ECRITURE FRACTIONNAIRE',3,2,0,NULL,4,'Rappel sur les fractions');
INSERT INTO MonEtablissement_messequence VALUES(6,'CONFIGURATIONS DE THALES',2,4,0,NULL,4,'');
INSERT INTO MonEtablissement_messequence VALUES(7,'RACINES CARREES',3,5,0,NULL,4,'Calcul avec les racines carrées');
INSERT INTO MonEtablissement_messequence VALUES(8,'TRIANGLES RECTANGLES : trigonométrie ',2,6,0,NULL,4,'Sinus, Cosinus et Tangente d''un angle');
INSERT INTO MonEtablissement_messequence VALUES(9,'PLUS GRAND COMMUN DIVISEUR',3,7,0,NULL,4,'Méthode de détermination du PGCD de deux nombres et application aux fractions');
INSERT INTO MonEtablissement_messequence VALUES(10,'SECTIONS PLANES DE SOLIDES',2,8,0,NULL,4,'');
INSERT INTO MonEtablissement_messequence VALUES(11,'Puissance et calcul litteral',1,13,0,NULL,4,'Une expression littérale est une expression dans laquelle un ou plusieurs nombres sont désignés par des lettres');
INSERT INTO MonEtablissement_messequence VALUES(12,'PUISSANCES ET CALCUL LITTERAL 2',1,14,0,NULL,4,'Factorisation et identités remarquables');
INSERT INTO MonEtablissement_messequence VALUES(13,'CONFIGURATIONS DE THALES',2,15,0,NULL,4,'Travailler la propriété de Thalès sous ses différentes configurations');
INSERT INTO MonEtablissement_messequence VALUES(14,'PROPORTIONNALITE ET FONCTIONS 3',4,16,0,NULL,4,'Représentation de données');
INSERT INTO MonEtablissement_messequence VALUES(15,'EQUATIONS ET INEQUATIONS',1,17,0,NULL,4,'Apprendre à Mettre un problème en équation');
INSERT INTO MonEtablissement_messequence VALUES(16,'CONFIGURATIONS DE THALES 2',2,18,0,NULL,4,'Travailler avec la propriétés de Thalès dans ses différentes configurations (application) ');
INSERT INTO MonEtablissement_messequence VALUES(17,'EQUATIONS ET INEQUATIONS 2',NULL,19,0,NULL,4,'Mettre un problème en équation');
INSERT INTO MonEtablissement_messequence VALUES(18,'PROPORTIONNALITE ET FONCTIONS 4',4,20,0,NULL,4,'Représentation de données');
INSERT INTO MonEtablissement_messequence VALUES(19,'ANGLES INSCRITS ET POLYGONES REGULIERS',2,21,0,NULL,4,'Description manquante');
INSERT INTO MonEtablissement_messequence VALUES(20,'EQUATIONS ET INEQUATIONS 3',1,22,0,NULL,4,'Description manquante');
INSERT INTO MonEtablissement_messequence VALUES(21,'SECTIONS PLANES DE SOLIDES 2',2,11,0,NULL,4,'Représentation et propriétés de la sphère');
INSERT INTO MonEtablissement_messequence VALUES(22,'PROPORTIONNALITE ET FONCTIONS 2',4,9,0,NULL,4,'Description manquante');
INSERT INTO MonEtablissement_messequence VALUES(23,'PROPORTIONNALITE ET FONCTIONS',4,3,0,NULL,4,'Description manquante');
CREATE TABLE "MonEtablissement_progressioneleve" ("id" integer NOT NULL PRIMARY KEY AUTOINCREMENT, "activite_id" integer NULL REFERENCES "MonEtablissement_mesactivite" ("id"), "eleve_id" integer NOT NULL REFERENCES "auth_user" ("id"), "resultat" integer NULL);
INSERT INTO MonEtablissement_progressioneleve VALUES(1,NULL,140,3);
INSERT INTO MonEtablissement_progressioneleve VALUES(2,NULL,140,2);
INSERT INTO MonEtablissement_progressioneleve VALUES(3,NULL,140,0);
INSERT INTO MonEtablissement_progressioneleve VALUES(4,NULL,140,1);
INSERT INTO MonEtablissement_progressioneleve VALUES(5,NULL,140,2);
INSERT INTO MonEtablissement_progressioneleve VALUES(6,NULL,140,0);
INSERT INTO MonEtablissement_progressioneleve VALUES(7,NULL,140,2);
INSERT INTO MonEtablissement_progressioneleve VALUES(8,NULL,140,0);
INSERT INTO MonEtablissement_progressioneleve VALUES(9,NULL,140,2);
INSERT INTO MonEtablissement_progressioneleve VALUES(10,NULL,1,1);
INSERT INTO MonEtablissement_progressioneleve VALUES(11,NULL,140,1);
INSERT INTO MonEtablissement_progressioneleve VALUES(12,NULL,140,1);
INSERT INTO MonEtablissement_progressioneleve VALUES(13,NULL,140,0);
INSERT INTO MonEtablissement_progressioneleve VALUES(14,NULL,140,2);
INSERT INTO MonEtablissement_progressioneleve VALUES(15,3,140,2);
CREATE TABLE "auth_group" ("id" integer NOT NULL PRIMARY KEY AUTOINCREMENT, "name" varchar(80) NOT NULL UNIQUE);
CREATE TABLE "auth_group_permissions" ("id" integer NOT NULL PRIMARY KEY AUTOINCREMENT, "group_id" integer NOT NULL REFERENCES "auth_group" ("id"), "permission_id" integer NOT NULL REFERENCES "auth_permission" ("id"), UNIQUE ("group_id", "permission_id"));
CREATE TABLE "auth_permission" ("id" integer NOT NULL PRIMARY KEY AUTOINCREMENT, "name" varchar(50) NOT NULL, "content_type_id" integer NOT NULL REFERENCES "django_content_type" ("id"), "codename" varchar(100) NOT NULL, UNIQUE ("content_type_id", "codename"));
INSERT INTO auth_permission VALUES(1,'Can add log entry',1,'add_logentry');
INSERT INTO auth_permission VALUES(2,'Can change log entry',1,'change_logentry');
INSERT INTO auth_permission VALUES(3,'Can delete log entry',1,'delete_logentry');
INSERT INTO auth_permission VALUES(4,'Can add permission',2,'add_permission');
INSERT INTO auth_permission VALUES(5,'Can change permission',2,'change_permission');
INSERT INTO auth_permission VALUES(6,'Can delete permission',2,'delete_permission');
INSERT INTO auth_permission VALUES(7,'Can add group',3,'add_group');
INSERT INTO auth_permission VALUES(8,'Can change group',3,'change_group');
INSERT INTO auth_permission VALUES(9,'Can delete group',3,'delete_group');
INSERT INTO auth_permission VALUES(10,'Can add user',4,'add_user');
INSERT INTO auth_permission VALUES(11,'Can change user',4,'change_user');
INSERT INTO auth_permission VALUES(12,'Can delete user',4,'delete_user');
INSERT INTO auth_permission VALUES(13,'Can add content type',5,'add_contenttype');
INSERT INTO auth_permission VALUES(14,'Can change content type',5,'change_contenttype');
INSERT INTO auth_permission VALUES(15,'Can delete content type',5,'delete_contenttype');
INSERT INTO auth_permission VALUES(16,'Can add session',6,'add_session');
INSERT INTO auth_permission VALUES(17,'Can change session',6,'change_session');
INSERT INTO auth_permission VALUES(18,'Can delete session',6,'delete_session');
INSERT INTO auth_permission VALUES(19,'Can add mes niveaux',7,'add_mesniveaux');
INSERT INTO auth_permission VALUES(20,'Can change mes niveaux',7,'change_mesniveaux');
INSERT INTO auth_permission VALUES(21,'Can delete mes niveaux',7,'delete_mesniveaux');
INSERT INTO auth_permission VALUES(22,'Can add mes classe',8,'add_mesclasse');
INSERT INTO auth_permission VALUES(23,'Can change mes classe',8,'change_mesclasse');
INSERT INTO auth_permission VALUES(24,'Can delete mes classe',8,'delete_mesclasse');
INSERT INTO auth_permission VALUES(25,'Can add eleve',9,'add_eleve');
INSERT INTO auth_permission VALUES(26,'Can change eleve',9,'change_eleve');
INSERT INTO auth_permission VALUES(27,'Can delete eleve',9,'delete_eleve');
INSERT INTO auth_permission VALUES(28,'Can add mes sequence',10,'add_messequence');
INSERT INTO auth_permission VALUES(29,'Can change mes sequence',10,'change_messequence');
INSERT INTO auth_permission VALUES(30,'Can delete mes sequence',10,'delete_messequence');
INSERT INTO auth_permission VALUES(31,'Can add mes seance',11,'add_messeance');
INSERT INTO auth_permission VALUES(32,'Can change mes seance',11,'change_messeance');
INSERT INTO auth_permission VALUES(33,'Can delete mes seance',11,'delete_messeance');
INSERT INTO auth_permission VALUES(34,'Can add mes activite',12,'add_mesactivite');
INSERT INTO auth_permission VALUES(35,'Can change mes activite',12,'change_mesactivite');
INSERT INTO auth_permission VALUES(36,'Can delete mes activite',12,'delete_mesactivite');
INSERT INTO auth_permission VALUES(37,'Can add progression eleve',13,'add_progressioneleve');
INSERT INTO auth_permission VALUES(38,'Can change progression eleve',13,'change_progressioneleve');
INSERT INTO auth_permission VALUES(39,'Can delete progression eleve',13,'delete_progressioneleve');
INSERT INTO auth_permission VALUES(40,'Can add mes question',14,'add_mesquestion');
INSERT INTO auth_permission VALUES(41,'Can change mes question',14,'change_mesquestion');
INSERT INTO auth_permission VALUES(42,'Can delete mes question',14,'delete_mesquestion');
INSERT INTO auth_permission VALUES(43,'Can add mes reponse',15,'add_mesreponse');
INSERT INTO auth_permission VALUES(44,'Can change mes reponse',15,'change_mesreponse');
INSERT INTO auth_permission VALUES(45,'Can delete mes reponse',15,'delete_mesreponse');
INSERT INTO auth_permission VALUES(46,'Can add domaine',16,'add_domaine');
INSERT INTO auth_permission VALUES(47,'Can change domaine',16,'change_domaine');
INSERT INTO auth_permission VALUES(48,'Can delete domaine',16,'delete_domaine');
INSERT INTO auth_permission VALUES(52,'Can add competence',18,'add_competence');
INSERT INTO auth_permission VALUES(53,'Can change competence',18,'change_competence');
INSERT INTO auth_permission VALUES(54,'Can delete competence',18,'delete_competence');
CREATE TABLE "auth_user" ("id" integer NOT NULL PRIMARY KEY AUTOINCREMENT, "password" varchar(128) NOT NULL, "last_login" datetime NOT NULL, "is_superuser" bool NOT NULL, "username" varchar(30) NOT NULL UNIQUE, "first_name" varchar(30) NOT NULL, "last_name" varchar(30) NOT NULL, "email" varchar(75) NOT NULL, "is_staff" bool NOT NULL, "is_active" bool NOT NULL, "date_joined" datetime NOT NULL);
INSERT INTO auth_user VALUES(1,'pbkdf2_sha256$15000$DV7k1ltx8eFD$clDC1aVNtnMB+VG6JCK8KcYsoO9+jJUaCN5nFGNuznc=','2015-02-26 08:49:22.084299',1,'marion','','','',1,1,'2014-12-08 23:44:50.397020');
INSERT INTO auth_user VALUES(2,'pbkdf2_sha256$12000$GEv0hawiFM3c$nSzQzVK57zdSIX1OxZnSZofZXbaSWJaTzQobyUnGSdA=','2014-12-08 23:45:50.940882',0,'test','','','',0,1,'2014-12-08 23:45:50.940949');
INSERT INTO auth_user VALUES(3,'pbkdf2_sha256$12000$WthZf4fD3AoJ$l4k8ioUZM/LSTwgbHuY2WxAhXBH6BG8FE1PevHlbQ34=','2014-12-08 23:49:12.632883',0,'test2','','','',0,1,'2014-12-08 23:49:12.632976');
INSERT INTO auth_user VALUES(4,'test','2014-12-08 23:50:10.110650',0,'test3','','','test@test.test',0,1,'2014-12-08 23:50:10.110700');
INSERT INTO auth_user VALUES(5,'test','2014-12-08 23:51:41.934776',0,'test4','','','test@test.test',0,1,'2014-12-08 23:51:41.934864');
INSERT INTO auth_user VALUES(6,'z','2014-12-08 23:57:47.312011',0,'ug','','','test@test.test',0,1,'2014-12-08 23:57:47.312048');
INSERT INTO auth_user VALUES(7,'tt','2014-12-08 23:58:39.463591',0,'rgf','','','test@test.test',0,1,'2014-12-08 23:58:39.463625');
INSERT INTO auth_user VALUES(8,'test','2014-12-09 00:06:44.737943',0,'test456','','','test@test.test',0,1,'2014-12-09 00:06:44.737979');
INSERT INTO auth_user VALUES(9,'test','2014-12-09 00:12:53.079414',0,'pi78','','','test@test.test',0,1,'2014-12-09 00:12:53.079451');
INSERT INTO auth_user VALUES(10,'test','2014-12-09 00:18:38.910489',0,'ghhgfds','','','test@test.test',0,1,'2014-12-09 00:18:38.910540');
INSERT INTO auth_user VALUES(11,'test','2014-12-09 00:19:18.303802',0,'hjhf','','','test@test.test',0,1,'2014-12-09 00:19:18.303837');
INSERT INTO auth_user VALUES(12,'test','2014-12-09 00:20:09.024466',0,'rgfdfg','','','test@test.test',0,1,'2014-12-09 00:20:09.024532');
INSERT INTO auth_user VALUES(13,'a','2014-12-09 00:22:33.670782',0,'fghjkl','','','test@test.test',0,1,'2014-12-09 00:22:33.670819');
INSERT INTO auth_user VALUES(14,'test','2014-12-09 00:28:23.625475',0,'test2000','','','test@test.test',0,1,'2014-12-09 00:28:23.625530');
INSERT INTO auth_user VALUES(15,'test','2014-12-09 00:30:42.075886',0,'test3000','','','test@test.test',0,1,'2014-12-09 00:30:42.075952');
INSERT INTO auth_user VALUES(16,'test','2014-12-09 00:34:41.588411',0,'test4000','','','test@test.test',0,1,'2014-12-09 00:34:41.588465');
INSERT INTO auth_user VALUES(17,'pbkdf2_sha256$12000$2LCECvjlAIOp$3w5qfjADT0O88JJQeW/9+Y4eIOIHWxMB67DFB0y1HFg=','2014-12-09 00:49:59.842934',0,'test5000','','','test@test.test',0,1,'2014-12-09 00:49:59.842970');
INSERT INTO auth_user VALUES(18,'pbkdf2_sha256$12000$fiwZ1lYGsVQo$PueGaiXp2j5ikiDmrbdAZsgUKyS1R12kM+4MZ79EU44=','2014-12-09 05:48:22.088441',0,'test6000','','','test@test.test',0,1,'2014-12-09 05:48:22.088476');
INSERT INTO auth_user VALUES(19,'pbkdf2_sha256$12000$BOucosrbA5Ob$CYgv4SibUT9CPJGMwCkfizDElqo5yovyPhGwx/g+aDQ=','2014-12-09 05:49:57.660293',0,'test7000','','','test@test.test',0,1,'2014-12-09 05:49:57.660387');
INSERT INTO auth_user VALUES(20,'pbkdf2_sha256$12000$V05LoGrMIhmB$9bWCNFwhgNoUC6SdcuB3qDkTafGHBeigXg2ghEYCXHA=','2014-12-09 06:03:23.554439',0,'per','','','test@test.test',0,1,'2014-12-09 06:03:23.554474');
INSERT INTO auth_user VALUES(21,'pbkdf2_sha256$12000$GB7KeIrawqow$AxHG7pQtlA03RPCaQq2lyER1UHuc5AaBR5YdbQVmNEY=','2014-12-09 06:04:38.218396',0,'test8000','','','test@test.test',0,1,'2014-12-09 06:04:38.218431');
INSERT INTO auth_user VALUES(22,'pbkdf2_sha256$12000$v9rVZSKfsx6F$3tZa+k8gY4OSAW6vCBOmiaNd7bL028pobQAoQQecbi0=','2014-12-09 06:05:32.580301',0,'test9','','','test@test.test',0,1,'2014-12-09 06:05:32.580382');
INSERT INTO auth_user VALUES(23,'pbkdf2_sha256$12000$zxDEX3lETduk$AU744wqfGLdyWqejfVNaBEm4qiKO+Gp9OHrdg5/P/PQ=','2014-12-10 13:35:16.774523',0,'johnny_laclasse2','','','johnny@john.john',0,1,'2014-12-10 13:35:16.774605');
INSERT INTO auth_user VALUES(24,'pbkdf2_sha256$12000$93dhHMvVnCU6$Ph7DxCY+SlGo4/DOL5HhfkANrLrhhUDM8UVIlI6D7YQ=','2014-12-10 13:59:11.907119',0,'blobibloba','blobi','bloba','blob@blob.blob',0,1,'2014-12-10 13:59:11.907195');
INSERT INTO auth_user VALUES(25,'pbkdf2_sha256$12000$OnSXXAe97SWJ$2q32TBEq4zS4EOACOQ5OGxCAVif6qvkTY1QjLm78/eo=','2014-12-10 14:00:26.127667',0,'johonnyjohn','johnny','john','jhnn@hy.fr',0,1,'2014-12-10 14:00:26.127715');
INSERT INTO auth_user VALUES(26,'pbkdf2_sha256$12000$ARJAxHG34HWr$XmYUAG6s6UZDuQvlOso9mhjHTqpOhlQAj8hWxwI2MG4=','2014-12-10 14:02:18.342494',0,'lkekkae','pierre','papa','pie@hd.df',0,1,'2014-12-10 14:02:18.342540');
INSERT INTO auth_user VALUES(27,'pbkdf2_sha256$12000$kVB8YfnIB6tL$HSl9nTuK7GLzyDpYZvs+R/+RbV1HV1DNxCJSuU13xzY=','2014-12-10 14:03:45.269345',0,'zgzgzg','ters','zrgzrg','zegz@qfgefr.fr',0,1,'2014-12-10 14:03:45.269385');
INSERT INTO auth_user VALUES(28,'pbkdf2_sha256$12000$9rSi24wkMXqR$X6UljBnSko6yayQ2Hvvz0chZqXTNRIrs31GS7Ge2KNM=','2014-12-10 14:05:55.661658',0,'znrlgnzrlg','kkjkrg','kznrgn','pierre@kjheg.fr',0,1,'2014-12-10 14:05:55.661705');
INSERT INTO auth_user VALUES(29,'pbkdf2_sha256$12000$kUHGFUkALwQO$4GYZYnOLVoSXSEhhnVCQXBwdTPIgSPZ95LuG7T7kCUc=','2014-12-10 14:06:47.909893',0,'zrgez','ljlksn','llkgrlz','piere@fff.fr',0,1,'2014-12-10 14:06:47.909955');
INSERT INTO auth_user VALUES(30,'pbkdf2_sha256$12000$YS9IYGtBMghz$4/Y2+lUZE5S1JfxuKSp+YBSmQVK2sCvL8rkhKJsZ690=','2014-12-10 14:08:23.127697',0,'rrrr','rre','rrrr','rr@dd.de',0,1,'2014-12-10 14:08:23.127747');
INSERT INTO auth_user VALUES(31,'pbkdf2_sha256$12000$usHqxrprLuuU$8TqbWrLkHPFYaupcEE5xcBHkKsPp7/3fRRrywvbUvKo=','2014-12-10 14:09:45.506662',0,'zrgezs','a','b','svs@qq.ff',0,1,'2014-12-10 14:09:45.506706');
INSERT INTO auth_user VALUES(32,'pbkdf2_sha256$12000$oBbyHFceWjY9$b9nrbJjppGDzxykNnLae9PN7tAxlb8JcVl1pywnLu0k=','2014-12-10 14:10:34.492662',0,'piedd','ggg','ghrh','lj@kjh.ff',0,1,'2014-12-10 14:10:34.492709');
INSERT INTO auth_user VALUES(33,'pbkdf2_sha256$12000$0blAW2MZ4NYJ$QGQD1bbeOABnetxLKPpW6RIQ8EIEoRijyPtUtuif/fI=','2014-12-10 14:35:06.641430',0,'marion123','piere','pierre','marion@marion.marion',0,1,'2014-12-10 14:35:06.641465');
INSERT INTO auth_user VALUES(34,'pbkdf2_sha256$12000$C0PxluYcv67X$knuNp+2qxV7FLHimF2iA4Di+2MHfKkjzYd0A+ihi24o=','2014-12-10 14:39:52.275882',0,'marion15','zrg','ze','nknv@kjlkz.fr',0,1,'2014-12-10 14:39:52.275925');
INSERT INTO auth_user VALUES(35,'pbkdf2_sha256$12000$18yAkbCqKCel$6v0UTq0Rjs+kc/DQIw1lsqye2OdsUjW1dNwxjmk7zHQ=','2014-12-10 16:04:32.709877',0,'ffffffff','ffff','fff','fffff@jjhf.fr',0,1,'2014-12-10 16:04:32.709926');
INSERT INTO auth_user VALUES(36,'pbkdf2_sha256$12000$xQbQYbPpgCGv$Ix4ae9Bk57G90ySLFOD+pJ47B2IqbJCFEaTYXd6wNdY=','2014-12-10 16:04:52.188608',0,'grzrgzrgzrgzrg','zrgzrg','zrgzrg','pierre@jbfz.fr',0,1,'2014-12-10 16:04:52.188645');
INSERT INTO auth_user VALUES(37,'pbkdf2_sha256$12000$smQbT2m85qBh$TJ+fOekH7EaSPDTZN06t4F+joxSv9E85o4UWVn/5XwI=','2014-12-10 16:05:24.631151',0,'derg','ddddd','ddddd','frgrrg@hkjb.frr',0,1,'2014-12-10 16:05:24.631244');
INSERT INTO auth_user VALUES(38,'pbkdf2_sha256$12000$sHTXmKTfWbw0$IGoHHca4dALrc+sjOC4bsgLNttOfoJHbM010yi7RtO8=','2014-12-10 16:36:00.459176',0,'ljkgnlzkrnlkzrn','pierre','pier','opojo@kjb.fr',0,1,'2014-12-10 16:36:00.459257');
INSERT INTO auth_user VALUES(39,'pbkdf2_sha256$12000$2eaHZ2sfV55Z$toO5PEB8z9Hl4xR7mBjw/BXUGD+JBBBF/SXripMLoKs=','2014-12-10 16:36:43.450684',0,'rgerergne','freth','eethe','ljhe@kjhrg.fr',0,1,'2014-12-10 16:36:43.450721');
INSERT INTO auth_user VALUES(40,'pbkdf2_sha256$12000$tknKDOGEPx7R$KYhpLmKKOYnmdsQZxjHKRpBgO2MZtxWSsR/hOUHCIzA=','2014-12-10 16:37:29.642027',0,'peterpeterson','pierre','foicik','pierre.foicik@gmail.com',0,1,'2014-12-10 16:37:29.642115');
INSERT INTO auth_user VALUES(41,'pbkdf2_sha256$12000$sIdHzD2kAgvi$iXmkzR35zL/nUtqDniWgUMz85lA0mZGEpXwe5bnHc1s=','2014-12-10 23:18:44.786127',0,'efegeg','pi','g','gegg@jhv.fr',0,1,'2014-12-10 23:18:44.786194');
INSERT INTO auth_user VALUES(42,'pbkdf2_sha256$12000$RW5A43sC9dv7$xxtbq7uB7s1Fb6YPZ/3WZuO7x/FDGn0RNmnbUuaYBgg=','2014-12-10 23:19:11.342686',0,'rtrtrttr','tr','tr','rtrttr@kfkkf.fr',0,1,'2014-12-10 23:19:11.342735');
INSERT INTO auth_user VALUES(43,'pbkdf2_sha256$12000$QQsOzDEJArMA$WBQikEOebhwPfhtWTXfMnN/C89Z93C2HzWuvUpUlg9M=','2014-12-10 23:30:32.286443',0,'pijij','pierr','fljb','pijn@hi.fr',0,1,'2014-12-10 23:30:32.286494');
INSERT INTO auth_user VALUES(44,'pbkdf2_sha256$12000$FOQpxTUQS36T$CmYyffe/YUtGodstySvoUg6Rra8EWvC3xGs6SHPMW+w=','2014-12-10 23:36:29.894523',0,'lkh','pierre','jlh','opo@hh.fr',0,1,'2014-12-10 23:36:29.894559');
INSERT INTO auth_user VALUES(45,'pbkdf2_sha256$12000$BZr2PZ8IQ3yp$hCD5X4sZ6w06RTw/0G3ATFMwAaBy6vp8ZMMui5A7uik=','2014-12-10 23:39:06.521934',0,'zdzd','tg','regg','rg@kzhrg.ff',0,1,'2014-12-10 23:39:06.521995');
INSERT INTO auth_user VALUES(46,'pbkdf2_sha256$12000$uIEWOGsXKHXX$9oWVZ59IJlpYfpu/WolAq4Sq7tnq1ganO5rLA7d761w=','2014-12-10 23:50:00.246717',0,'eee','pierre','dddd','pi@pipzf.fr',0,1,'2014-12-10 23:50:00.246752');
INSERT INTO auth_user VALUES(47,'pbkdf2_sha256$12000$2kcLrhJKryvH$rADlLkP0sO/CVz4QAuHoa2npKaIOKF0cAz5T03STKGQ=','2014-12-10 23:50:52.315247',0,'kjhlk','mihug','ihllhkj','pi@kjhk.fr',0,1,'2014-12-10 23:50:52.315285');
INSERT INTO auth_user VALUES(48,'pbkdf2_sha256$12000$e55EaB4NTq2d$YPuSj+50eHTLX0BeWVz3FvXE8cdUZOy0E6xLU1ocHgk=','2014-12-10 23:52:59.833656',0,'ededefef','dede','deded','hkj@kh.ede',0,1,'2014-12-10 23:52:59.833694');
INSERT INTO auth_user VALUES(49,'pbkdf2_sha256$12000$L8oh70sLYrqw$QXGTx0Ba/EDxrgiCf5dFBMl4gmCNFwiMwIT9Ml/El5Y=','2014-12-10 23:53:50.246284',0,'zdzdzdzd','oi','zdzd','pi@kj.de',0,1,'2014-12-10 23:53:50.246340');
INSERT INTO auth_user VALUES(50,'pbkdf2_sha256$12000$mcsEHt3kSuI9$KZNQPGszAy9h6fCe3VWJiBkynbfxu97ik1ShUJMQQ8s=','2014-12-10 23:54:12.797783',0,'lkhjgkhllk','khjg','klkjhg','k@khgj.fr',0,1,'2014-12-10 23:54:12.797820');
INSERT INTO auth_user VALUES(51,'pbkdf2_sha256$12000$kQnMqRCE1p6j$FbxkAJYVVfLFPxqSnoMYDiHx5ReV8iDei/GHOmC0P4M=','2014-12-10 23:55:58.982862',0,'effccc','feffe','efef','kyuf@uyg.frt',0,1,'2014-12-10 23:55:58.982897');
INSERT INTO auth_user VALUES(52,'pbkdf2_sha256$12000$0XTcWY8UOlIE$SnkVKoHTegvZ0EPbA1p5fbXObd3pe5sb5sdJGgapcA8=','2014-12-10 23:57:59.512096',0,'mlkg','edzd','zdzd','ml@lkj.fr',0,1,'2014-12-10 23:57:59.512155');
INSERT INTO auth_user VALUES(53,'pbkdf2_sha256$12000$zJ0R5oysRwz5$p7wOvYgCn1FPCUwzcj3iOmaBL5BkgqLtdTkQqldHiCk=','2014-12-11 00:08:01.801292',0,'dfghjkloiuyt','sdfg','fghj','fghjk@khkj.fr',0,1,'2014-12-11 00:08:01.801330');
INSERT INTO auth_user VALUES(54,'pbkdf2_sha256$12000$PQKs7vy7gol1$fW4+Vhkg3hgnpvG+TWNDJHLoPbLR7nGMIFsp1ucxzyU=','2014-12-11 00:15:26.335762',0,'dfgfzfgfgfe','gfgfg','fgffdf','pie@h.fr',0,1,'2014-12-11 00:15:26.335810');
INSERT INTO auth_user VALUES(55,'pbkdf2_sha256$12000$6MP5mTAVU925$Xk7DTHysGX76NNsr/RL15T/Ap8Heibdtr/O/rduFtsw=','2014-12-11 00:16:58.901230',0,'rtykuil','fghjytr','rgdyjkuyi','hjbl@j.fr',0,1,'2014-12-11 00:16:58.901276');
INSERT INTO auth_user VALUES(56,'pbkdf2_sha256$12000$kUOFdrroD77B$Reh1vvdCDkbHaAgYozM7zG5KiH+fZb8JaREH0Oj952U=','2014-12-11 00:17:29.932172',0,'fdvdfbbg','fff','vfvdfv','pir@h.fr',0,1,'2014-12-11 00:17:29.932249');
INSERT INTO auth_user VALUES(57,'pbkdf2_sha256$12000$xbehlawRfJC0$8LxBWNF05RFggA1TDnrLGN9tayy6oQjf7NpYjGwijR4=','2014-12-11 00:18:39.971403',0,'uiytss','ss','ss','eedde@hj.de',0,1,'2014-12-11 00:18:39.971437');
INSERT INTO auth_user VALUES(58,'pbkdf2_sha256$12000$ufdWBXq3GjA3$W1pNyNjbl7MA01elU2QVMRaiE/lBTRU5EptUhvtfPLo=','2014-12-11 00:21:43.288728',0,'sdvv','luhy','ddd','pierre@kg.fr',0,1,'2014-12-11 00:21:43.288764');
INSERT INTO auth_user VALUES(59,'pbkdf2_sha256$12000$V0BZtR3wnSSG$Mn3WMu99HLaRSL/7w9sLfNypW/iGo7X28Vbs1apCNho=','2014-12-11 00:23:06.405080',0,'efefeffff','frgrg','rggrrg','pi@hkjh.fr',0,1,'2014-12-11 00:23:06.405118');
INSERT INTO auth_user VALUES(60,'pbkdf2_sha256$12000$JdyF4lK0nbQS$/Bj4l9vSCh64CWo8Bv9bL8xmvhcypq3sviryWURv2FA=','2014-12-11 00:23:47.369411',0,'efefef','fefe','efeffe','vpi@hkjh.fr',0,1,'2014-12-11 00:23:47.369458');
INSERT INTO auth_user VALUES(61,'pbkdf2_sha256$12000$4UDzrFbUWm3R$W6mX5k1Z0cZf9ub/a5hjaJluCvOC0IpdEOUgcs/WaPw=','2014-12-11 00:27:41.902838',0,'gh','xfgh','fghj','kjh@kh.fr',0,1,'2014-12-11 00:27:41.902875');
INSERT INTO auth_user VALUES(62,'pbkdf2_sha256$12000$2TogA7EGNpIY$y3iHXQ+6pYcLt5gMeKNBVHtKGvmuQfeJxFBHghP+voA=','2014-12-11 00:29:10.856582',0,'kljhg','srsgr','sgsrg','fezf@kjk.fr',0,1,'2014-12-11 00:29:10.856710');
INSERT INTO auth_user VALUES(63,'pbkdf2_sha256$12000$fNCfmbX66yIa$SeWOOUVWbt+pi3Pc2sbmhHQjbxOSwccAynge5NKD1N8=','2014-12-11 00:30:11.400036',0,'efefefefef','efef','efefef','pojh@jkh.frte',0,1,'2014-12-11 00:30:11.400073');
INSERT INTO auth_user VALUES(64,'pbkdf2_sha256$12000$3Qw5RZvaop56$Wu2xCPO4r+mRut0suPqf5o0iubF2j5CyAyDB2eOtrO4=','2014-12-11 00:31:18.050749',0,'rggzrzrg','sghrgef','qfef','pooh@j.fr',0,1,'2014-12-11 00:31:18.050801');
INSERT INTO auth_user VALUES(65,'pbkdf2_sha256$12000$MsrBy5NZC91P$rs47oJRxl/DjfbPg3N6U1Pc1XuHQsdSFWhkYe6FlgQ8=','2014-12-11 00:33:25.304342',0,'khjlhgkhj','jhghffghkjl','lkhgbccvb','pi@h.fr',0,1,'2014-12-11 00:33:25.304432');
INSERT INTO auth_user VALUES(66,'pbkdf2_sha256$12000$je74gfmkBw5g$5g+ISg9mHqECSTksnci6TznTjHJEMf5UAMat2D377aY=','2014-12-11 00:35:03.553168',0,'oooo','pihl','ljln','pi@kjk.fr',0,1,'2014-12-11 00:35:03.553205');
INSERT INTO auth_user VALUES(67,'pbkdf2_sha256$12000$JG33c0L0laLw$8qp5egYRZSwUA6v9Zm3IEWJ2orRwDivUplLN1XF5YdA=','2014-12-11 00:36:10.085277',0,'lhjhbknln','hgfd','ghjgj','ljh@ljh.fr',0,1,'2014-12-11 00:36:10.085313');
INSERT INTO auth_user VALUES(68,'pbkdf2_sha256$12000$ieIXfe50OZbk$9/4b15Waa8AzBQZcy2gEgLB56uHMMKxmB6SAW4+G5Sk=','2014-12-11 00:36:43.187985',0,'rrrryyh','rttrr','rtrefghjkloi','jhg@khg.fr',0,1,'2014-12-11 00:36:43.188033');
INSERT INTO auth_user VALUES(69,'pbkdf2_sha256$12000$aQcPl3ETZs7T$WsJn71FO7sZJcgBA5vqD7DHBNcuG8q9Hjq6uELwadFg=','2014-12-11 05:46:40.372916',0,'fgereh','hfd','dffgfg','ghrgs@er.de',0,1,'2014-12-11 05:46:40.372989');
INSERT INTO auth_user VALUES(70,'pbkdf2_sha256$12000$1db42iMCns05$PFtUAffXXAFqX2vjceDausIVaPKRxDalHG6PMk4sPKE=','2014-12-11 05:47:41.781645',0,'zrhethej','zrethztr','zrgrz','nkj@rzg.fr',0,1,'2014-12-11 05:47:41.781683');
INSERT INTO auth_user VALUES(71,'pbkdf2_sha256$12000$tx4EGIOq4ICP$eO+lCS+C7ztX29sQQOHd722YQygP53TyZNQun2ns6bQ=','2014-12-11 05:55:58.323482',0,'aaazee','pierre','rerz','gef.pi@ff.fr',0,1,'2014-12-11 05:55:58.323520');
INSERT INTO auth_user VALUES(72,'pbkdf2_sha256$12000$000KBz3owjuW$M4hJH+N87qNGBTqz/2ZI8B4vbIxnvz0C6xOwbV4GlC4=','2014-12-11 05:57:01.291364',0,'dgdgdgdggd','dfdg','dgdg','ddggd@rf.fr',0,1,'2014-12-11 05:57:01.291445');
INSERT INTO auth_user VALUES(73,'pbkdf2_sha256$12000$j712VH6GuNtV$MzF8AoMQs9Nm7WGIdJFFK3nPBtPR2H4Xt2PWirrsm3o=','2014-12-11 05:58:26.347190',0,'zgzgzeg','ffr','zrgrg','rgrggr@ffe.fe',0,1,'2014-12-11 05:58:26.347225');
INSERT INTO auth_user VALUES(74,'pbkdf2_sha256$12000$Nt0a7sBLs7eS$TvV95KH3hpob0wX5fPT6iV/+HAp68fFv+gVq1idHc+w=','2014-12-11 05:59:49.468097',0,'ezgzgzg','eef','ezeg','rgrggr@ffe.fe',0,1,'2014-12-11 05:59:49.468132');
INSERT INTO auth_user VALUES(75,'pbkdf2_sha256$12000$5KOF2CXJpW5P$uWH+AGdxItXyg8lyK7h50drbfXMuEfqYScDTaJY57NU=','2014-12-11 06:00:27.847264',0,'zegzgzrgzeg','pierre','zefzef','rgrggr@ffe.fe',0,1,'2014-12-11 06:00:27.847323');
INSERT INTO auth_user VALUES(76,'pbkdf2_sha256$12000$AkHKHWTiifwD$E1ihF/g+r7Sokld6xB82k7FX2EIt6J+/fxzJ1lqblII=','2014-12-11 06:04:54.436377',0,'efzrbgd','qefzgr','zgr','pi@te.de',0,1,'2014-12-11 06:04:54.436435');
INSERT INTO auth_user VALUES(77,'pbkdf2_sha256$12000$SWQs6qQFBSsC$J8U69U+Ba4IFgA8tVy+LhyF8DIjl+W6QBzqMNMTMXVM=','2014-12-11 06:52:21.170605',0,'gregergerg','dg','dgdggd','pi@jh.fr',0,1,'2014-12-11 06:52:21.170666');
INSERT INTO auth_user VALUES(78,'pbkdf2_sha256$12000$NtFOhAWuLUHy$0LwUBvh0uO640XeggzJJOpIgPRwGujolX/XtvGxMkCc=','2014-12-11 06:55:13.767860',0,'ezfgrg','zrgzrg','zrgzrgz','pi@kj.fr',0,1,'2014-12-11 06:55:13.767918');
INSERT INTO auth_user VALUES(79,'pbkdf2_sha256$12000$imNw6Y7zSA7G$TJDc7+tbYMyzKdSEU+HUXVQxbSm14aS78qno/sTLkTY=','2014-12-11 06:58:29.319805',0,'ihlmjhl','zrgreg','rgerg','kwargs@kbk.tg',0,1,'2014-12-11 06:58:29.319842');
INSERT INTO auth_user VALUES(80,'pbkdf2_sha256$12000$l2dJqfLzXwZ4$jgESqLOB0iQV85LQ0R4XsC5WquUOXLL7B+cTGSSxOVM=','2014-12-11 06:59:40.829041',0,'rehr','egy','hrh','kwargs@kbk.tg',0,1,'2014-12-11 06:59:40.829081');
INSERT INTO auth_user VALUES(81,'pbkdf2_sha256$12000$QEAuBFxIqQfR$idMW0jeei5fBoC8cv9HeB+t6OoNNW0VzZbSoWT/BMH8=','2014-12-11 07:24:09.853370',0,'evzrbzvzvzrv','vzrvzrv','zrvzrv','student_form@jhg.fr',0,1,'2014-12-11 07:24:09.853408');
INSERT INTO auth_user VALUES(82,'pbkdf2_sha256$12000$Ja25zyQrtu3e$2zWmNPO5xk6F/O60dn13PhNn5zsrFUDtLTIcEOVwNGY=','2014-12-11 07:24:37.033602',0,'evzrbzvzvzrvkhf','vzrvzrv','zrvzrv','student_form@jhg.fr',0,1,'2014-12-11 07:24:37.033722');
INSERT INTO auth_user VALUES(83,'pbkdf2_sha256$12000$FKlJRQqlpJUd$7FQpRcWnof9tjFkHFK2eyisfspqFJ9nSnyz+9lihvf4=','2014-12-11 07:27:15.273933',0,'ljkvzjehlzjel','pierkjigu','pihjr','student_form@kh.fr',0,1,'2014-12-11 07:27:15.274010');
INSERT INTO auth_user VALUES(84,'pbkdf2_sha256$12000$EXweYnF0AD6q$9PbqwzFF84W93jYKQkbw8tlm+vWT94uAzOlZCGXJrv8=','2014-12-11 07:42:52.796089',0,'zrbrbrb','feb','rbeb','erberb@hzr.fr',0,1,'2014-12-11 07:42:52.796125');
INSERT INTO auth_user VALUES(85,'pbkdf2_sha256$12000$WOSq0vO6PCZv$hzSkc31Q7fivM3V0j3TyhngGnKSwvO+Un9q2CfVVTkM=','2014-12-11 07:52:56.051075',0,'grrzgrzg','dtn','srzrz','kwargs@kjh.gs',0,1,'2014-12-11 07:52:56.051107');
INSERT INTO auth_user VALUES(86,'pbkdf2_sha256$12000$ci98sY5xxCes$IKblXuOaoYsM7ywHtlC49My96Tqi1c3Do31QZzmv66o=','2014-12-11 07:56:23.426594',0,'grrzgrzgqf','dtn','srzrz','kwargs@kjh.gs',0,1,'2014-12-11 07:56:23.426629');
INSERT INTO auth_user VALUES(87,'pbkdf2_sha256$12000$H2IEuDvk8mR7$eBI8uY+oMIyaYg12DYpybFwL8Iw2sgDBLWdM/YKEXbs=','2014-12-11 07:57:19.247005',0,'zefzef','fezfzef','zefzef','zrgzrg@jhlk.fr',0,1,'2014-12-11 07:57:19.247054');
INSERT INTO auth_user VALUES(88,'pbkdf2_sha256$12000$Wloc3KQNc0zJ$8rMgmN8q/T4k8w4vspcsj48Tjwv1B7PLzSEC+di74XQ=','2014-12-11 07:59:37.833201',0,'zegzgzegzrgzgzg','egzzg','zegzge','zrgzr@lkjh.fr',0,1,'2014-12-11 07:59:37.833301');
INSERT INTO auth_user VALUES(89,'pbkdf2_sha256$12000$04jErMFRtJlr$zOZytz/PwoMZdGOXukRIhF96a9AWczvn4ihsG/glOZA=','2014-12-11 08:01:01.683332',0,'qethqethqt','rhe','qerzr','qrheqeth@lj.fr',0,1,'2014-12-11 08:01:01.683374');
INSERT INTO auth_user VALUES(90,'pbkdf2_sha256$12000$8rBW9tuQUlDa$2JDcn5sZvTDqFCMbGCxPxI/iqjdcGetOZjBdEjqJBnI=','2014-12-11 08:01:30.926402',0,'qethqethqtkhf','rhe','qerzr','qrheqeth@lj.fr',0,1,'2014-12-11 08:01:30.926437');
INSERT INTO auth_user VALUES(91,'pbkdf2_sha256$12000$9ua85XARYM20$ig1nB8nGCeXh3euqLsIXnTLYk485lkDq+3X4iJsfpnk=','2014-12-11 08:01:57.123580',0,'qethqethqtkhfk','rhe','qerzr','qrheqeth@lj.fr',0,1,'2014-12-11 08:01:57.123613');
INSERT INTO auth_user VALUES(92,'pbkdf2_sha256$12000$uIvtFnC4gtMm$ipkB0yzX8uyRPez7f45xSJ2sdiIW4nKgHe+MN3R/XKI=','2014-12-11 08:02:11.432559',0,'qethqethqtkhfk45','rhe','qerzr','qrheqeth@lj.fr',0,1,'2014-12-11 08:02:11.432623');
INSERT INTO auth_user VALUES(93,'pbkdf2_sha256$12000$FRSPb2CeC2jX$W9BP70gkOIc8IYLBx04xw/SbH2Wc7iwAokk8Erc8V8Q=','2014-12-11 08:02:53.426875',0,'qethethqtheqht','dgfyj','etherh','ljhgh@hg.fr',0,1,'2014-12-11 08:02:53.426915');
INSERT INTO auth_user VALUES(94,'pbkdf2_sha256$12000$MyrpzcAruFpr$+jYyqGovJjF/6k4B1rYOqImfRCCrtinTNXOGwP9jDCQ=','2014-12-11 08:24:08.845877',0,'rrrrrrrrrrrrrrrrrrrrrrrrrrrrrr','zefz','zefzefzef','zefzef@kh.fr',0,1,'2014-12-11 08:24:08.845917');
INSERT INTO auth_user VALUES(95,'pbkdf2_sha256$12000$MzDjX33VojGd$0j/xh009tYVBc37rt2WsdZtRa2p3wSVsrUl+wZ5SNSE=','2014-12-11 08:28:33.110413',0,'sgzrfeee','rzrf','zefrg','khj@hjg.fr',0,1,'2014-12-11 08:28:33.110532');
INSERT INTO auth_user VALUES(96,'pbkdf2_sha256$12000$4LvFvXhA7L2H$a1EYyZcXfaDCwRogbE9RKQLpGHu1Ph3IH635BjM3bZY=','2014-12-11 08:54:22.303633',0,'rgzrhzrhgg','ghj','ghe','zgg@kh.fr',0,1,'2014-12-11 08:54:22.303673');
INSERT INTO auth_user VALUES(97,'pbkdf2_sha256$12000$4RY8yOnihE1X$xi9YBItPyE79trxnxSPYXP9UP+JC7mCaAweq9Ah1kfE=','2014-12-11 08:59:04.383496',0,'bbvdbfgffgffgfdcdfg','svsv','sdvsdv','khjgh@khg.fr',0,1,'2014-12-11 08:59:04.383531');
INSERT INTO auth_user VALUES(98,'pbkdf2_sha256$12000$SJIk6bXKLLyX$O0kdb9UrpArt8m9Xp0FRgzfhkimU2DY2G7J+078LvPs=','2014-12-11 09:00:28.531609',0,'bbvdbfgffgffgfdcdfgdd','svsv','sdvsdv','khjgh@khg.fr',0,1,'2014-12-11 09:00:28.531653');
INSERT INTO auth_user VALUES(99,'pbkdf2_sha256$12000$fcXMhdhFGibK$WVbL5eoHVgRip4nE590F8sKSQnsuWHg2nQ3MsKkZ3s0=','2014-12-11 09:27:14.833753',0,'lklkjhkj','pierre','kbkjb','oho@ddd.fe',0,1,'2014-12-11 09:27:14.833789');
INSERT INTO auth_user VALUES(100,'pbkdf2_sha256$12000$eli4aBEsLQ9l$8/tt/sVBessOG1y2SpGva3mVjMQ9Rhjx9h+ZHVP9N5E=','2014-12-11 09:50:15.833504',0,'lnlnlqlkncn','oi','ljhk','pi@kjb.fr',0,1,'2014-12-11 09:50:15.833538');
INSERT INTO auth_user VALUES(101,'pbkdf2_sha256$12000$HXEHxMdLxRrF$iwZkbr8E2c3Ar0FmtRQL2YZ0pfrgzeHpuHj+GnxC3EI=','2014-12-11 09:50:53.413555',0,'pierre','ljkhg','ljkjhj','ljbf@khd.fr',0,1,'2014-12-11 09:50:53.413644');
INSERT INTO auth_user VALUES(102,'pbkdf2_sha256$12000$ERyUzYEUCNI2$+c2/9Ol+6gaWiHr22zt0WAAW90nBrY8n6qUBnw1pEQQ=','2014-12-11 10:04:56.382037',0,'sgrgghj','feff','gzrgg','ioij@kh.fr',0,1,'2014-12-11 10:04:56.382082');
INSERT INTO auth_user VALUES(103,'pbkdf2_sha256$12000$5DNzpVxvVFpa$hwNx9Etgs6804FO8gAJMK/Jp6SdjLPGVWsp4iGt7FA4=','2014-12-11 10:10:43.866159',0,'sdghjkkhgfdsfghjk','kjhfd','sfdghjkl','khb@kg.frth',0,1,'2014-12-11 10:10:43.866240');
INSERT INTO auth_user VALUES(104,'pbkdf2_sha256$12000$zJHQqfxOpqo8$q8koTL/KL8G6mAjCrdzRiOfKflW404iaDLDrkdZWCOo=','2014-12-11 10:13:13.477972',0,'sdghjkkhgfdsfghjkqddqqd','kjhfd','sfdghjkl','khb@kg.frth',0,1,'2014-12-11 10:13:13.478008');
INSERT INTO auth_user VALUES(105,'pbkdf2_sha256$12000$Fx8i0Gi1jNF7$4ZBDRIzvXwHnib/IC+tMk6W0RByuj+y9LblYWwR91Qc=','2014-12-11 10:14:05.439117',0,'sdghjkkhgfdsfghjkqddqqd5','kjhfd','sfdghjkl','khb@kg.frth',0,1,'2014-12-11 10:14:05.439175');
INSERT INTO auth_user VALUES(106,'pbkdf2_sha256$12000$aHANi6FV6g33$h8oR43lD5Gd0n44KT9aT537Bh3G7lD74mUK5biBohLY=','2014-12-11 10:23:22.042484',0,'egzrgzrgzrg','FDGFHTR','DZG','zrgzrg@fef.fr',0,1,'2014-12-11 10:23:22.042525');
INSERT INTO auth_user VALUES(107,'pbkdf2_sha256$12000$Tg3IswGfN3FO$0DJWkfe8vXeRHcBfijuYlbYlsKVj9aMFWCQthkvm+Sw=','2014-12-11 10:27:22.430399',0,'egzrgzrgzrg45','FDGFHTR','DZG','zrgzrg@fef.fr',0,1,'2014-12-11 10:27:22.430435');
INSERT INTO auth_user VALUES(108,'pbkdf2_sha256$12000$GPyazijwEbzT$umOE9jCl67xnL7m9+nyLkEdL6Ahm8Yb2N0yxZCBq4r4=','2014-12-11 10:31:18.644926',0,'egzrgzrgzrg45qdqd','FDGFHTR','DZG','zrgzrg@fef.fr',0,1,'2014-12-11 10:31:18.644976');
INSERT INTO auth_user VALUES(109,'pbkdf2_sha256$12000$Uf6sl8OfZjf1$t+DrOipj1XE78cQUN1NvcXNHmVBFt3uKxBr4w4/zQ+g=','2014-12-11 10:33:47.992517',0,'egzrgzrgzrg45qdqds','FDGFHTR','DZG','zrgzrg@fef.fr',0,1,'2014-12-11 10:33:47.992655');
INSERT INTO auth_user VALUES(110,'pbkdf2_sha256$12000$cdb8x6apcGkp$+Qidejw7dy2BpOfm0Q/6JXmRxBY4RGbvqVnr9iC9S6k=','2014-12-11 10:34:38.567838',0,'egzrgzrgzrg45qdqdsqfq','FDGFHTR','DZG','zrgzrg@fef.fr',0,1,'2014-12-11 10:34:38.567891');
INSERT INTO auth_user VALUES(111,'pbkdf2_sha256$12000$p4m7EOaQfW4B$YakfPIao7hufo7+hjV8J5Io6Cni7Bv3T55kQyelx874=','2014-12-11 10:36:04.622179',0,'egzrgzrgzrg45qdqdsqfqsfcf','FDGFHTR','DZG','zrgzrg@fef.fr',0,1,'2014-12-11 10:36:04.622214');
INSERT INTO auth_user VALUES(112,'pbkdf2_sha256$12000$raxSkZA226UP$4wsH9HBmksiotRSiG0mkxp+LTywEuuDzqKwX1+wUiFA=','2014-12-11 10:39:38.662248',0,'egzrgzrgzrg45qdqdsqfqsfcfhh','FDGFHTR','DZG','zrgzrg@fef.fr',0,1,'2014-12-11 10:39:38.662283');
INSERT INTO auth_user VALUES(113,'pbkdf2_sha256$12000$dwsngPMjZb4B$fLkLXde+h68wSKp4u7ZYtZQ3FEtl5VEhMxAQT17VmNA=','2014-12-11 10:40:31.262536',0,'testvjhb','test','test','kbj@kh.fr',0,1,'2014-12-11 10:40:31.262588');
INSERT INTO auth_user VALUES(114,'pbkdf2_sha256$12000$o4p4bihFPOcn$a9OuTW+vFlXd8+ZeLPPrLtfqE5OnSGnMGhgZOq+JsYs=','2014-12-11 10:44:53.215240',0,'testvjhbqfef','test','test','kbj@kh.fr',0,1,'2014-12-11 10:44:53.215293');
INSERT INTO auth_user VALUES(115,'pbkdf2_sha256$12000$nECMK2mgmU2a$fdRbhaXI/1GNN1GIttqeSohJOXiunijDY7u4A4j3yak=','2014-12-11 10:45:30.906944',0,'testvjhbqfefqqcqc','test','test','kbj@kh.fr',0,1,'2014-12-11 10:45:30.907078');
INSERT INTO auth_user VALUES(116,'pbkdf2_sha256$12000$bKkzDmyFXBHj$PZ7zXeA8OM9UzqvU0E+B2iV5/r0oOvLYldN0JtGHlXY=','2014-12-11 10:45:49.095417',0,'testvjhbqfefqqcqcqqqq','test','test','kbj@kh.fr',0,1,'2014-12-11 10:45:49.095455');
INSERT INTO auth_user VALUES(117,'pbkdf2_sha256$12000$mbkD7hDcGOOi$unypKtDHAo/i7SqEn5P9Ucz3P7zpTdHoHs0DWXGmB/U=','2014-12-11 10:46:06.554199',0,'testvjhbqfefqqcqcqqqqqdd','test','test','kbj@kh.fr',0,1,'2014-12-11 10:46:06.554237');
INSERT INTO auth_user VALUES(118,'pbkdf2_sha256$12000$4DhsXSRgkNpx$m4C+NUjgfYCoeSLJM6cBTl7jEDOQzD4jMFZZvitsolA=','2014-12-11 10:48:51.810000',0,'ZGZGZRGZRGZG','faef','aefaef','FZEG@KJH.FR',0,1,'2014-12-11 10:48:51.810038');
INSERT INTO auth_user VALUES(119,'pbkdf2_sha256$12000$O3ilfbfIPJzB$vVux2yU/nITGxS5gimzvoTUupKK8cNW0HQrt1I/lamw=','2014-12-11 10:49:46.325639',0,'ZGZGZRGZRGZGqfq','faef','aefaef','FZEG@KJH.FR',0,1,'2014-12-11 10:49:46.325674');
INSERT INTO auth_user VALUES(120,'pbkdf2_sha256$12000$p34kg22AqAV9$PepZbq9fKY62pyI7pMU0kiW6YX2yMJvlKLJreNUNWXk=','2014-12-11 10:50:36.717371',0,'ZGZGZRGZRGZGqfq55','faef','aefaef','FZEG@KJH.FR',0,1,'2014-12-11 10:50:36.717405');
INSERT INTO auth_user VALUES(121,'pbkdf2_sha256$12000$lOqk7z46ydJt$kGJSNpsqcruU/JSsX5qrAyBzpxHyBnaoqbX9MC/nZBY=','2014-12-11 10:50:59.309207',0,'ZGZGZRGZRGZGqfq5545','faef','aefaef','FZEG@KJH.FR',0,1,'2014-12-11 10:50:59.309287');
INSERT INTO auth_user VALUES(122,'pbkdf2_sha256$12000$EzRxKL6o2BG9$Vn1PD++8IQ8bKygqAhysIlWigxiUexoWl1FwViS7SLI=','2014-12-11 10:51:46.722558',0,'ZGZGZRGZRGZGqfq5545s','faef','aefaef','FZEG@KJH.FR',0,1,'2014-12-11 10:51:46.722591');
INSERT INTO auth_user VALUES(123,'pbkdf2_sha256$12000$17kweOsGAz1l$6hPH4y8Eqjslv9tH0pejZbvXrrf0DbpKHAvLtJCytvQ=','2014-12-11 10:58:43.847844',0,'sgaegaegaegsd','zdzd','zfaef','aefaef@kh.fr',0,1,'2014-12-11 10:58:43.847877');
INSERT INTO auth_user VALUES(124,'pbkdf2_sha256$12000$8wJ29TEIUYom$D65el+wyZj84yNsAN929BhTASsIiKuSL5J5hRBaLEMY=','2014-12-11 11:03:00.208796',0,'eafgzrgefdvqzrgsdv','qzrg','egg','aefrrg@kjh.fr',0,1,'2014-12-11 11:03:00.208830');
INSERT INTO auth_user VALUES(125,'pbkdf2_sha256$12000$ahygIkIkJLQL$6Bvy3aoTm7knXTWzHCCxCvvp5gE0B7YJ42+XJMvvDg0=','2014-12-11 11:06:35.035037',0,'efaef','fefzfe','zefqe','aefaf@jd.fr',0,1,'2014-12-11 11:06:35.035093');
INSERT INTO auth_user VALUES(126,'pbkdf2_sha256$12000$rx6O067TQnrh$aEpiQ6XttxAnGnEEhibnEnXr6xyJzJRQypkHGbhTJy0=','2014-12-11 11:07:58.215027',0,'efaefqq','fefzfe','zefqe','aefaf@jd.fr',0,1,'2014-12-11 11:07:58.215074');
INSERT INTO auth_user VALUES(127,'pbkdf2_sha256$12000$2QrEhSktRiSE$gi4Ch3YTDoozyaOysw8ezcoeklrgMYNdaZi5/HlxNTM=','2014-12-11 11:08:29.611362',0,'efaefqqs','fefzfe','zefqe','aefaf@jd.fr',0,1,'2014-12-11 11:08:29.611395');
INSERT INTO auth_user VALUES(128,'pbkdf2_sha256$12000$V5qssTYHm8bK$Im3F4zZAhPgKVmYwWBUQJoxPLY7pDgj+wzP8uxrNfP8=','2014-12-11 11:09:25.561301',0,'efaefqqsqq','fefzfe','zefqe','aefaf@jd.fr',0,1,'2014-12-11 11:09:25.561336');
INSERT INTO auth_user VALUES(129,'pbkdf2_sha256$12000$TkupYc75X5uC$sL7nzWZLGdVSj0n8FDABOp5YRLQ/2/f8xNhV7iPfU+A=','2014-12-11 11:10:02.256772',0,'efaefqqsqqss','fefzfe','zefqe','aefaf@jd.fr',0,1,'2014-12-11 11:10:02.256831');
INSERT INTO auth_user VALUES(130,'pbkdf2_sha256$12000$CN056NALr3Bm$/ZpvgTBMR5i4zu+25FM1lq5ZzkqWacbgc1RG7L/L7HI=','2014-12-11 11:11:10.418653',0,'eqetethv','vzr','zrgzrgz','kjhlzr@khgeg.fr',0,1,'2014-12-11 11:11:10.418776');
INSERT INTO auth_user VALUES(131,'pbkdf2_sha256$12000$ekAU6pUsKYts$xAK+uOuv4M1j4SMPHTLLm+v6eqk8Qd3NRcYooloExFU=','2014-12-11 11:12:43.471213',0,'rrgggrrg','efzr','zrgzrg','zrgz@kh.fr',0,1,'2014-12-11 11:12:43.471275');
INSERT INTO auth_user VALUES(132,'pbkdf2_sha256$12000$8tL43JB4uytv$p/QBL+xH+b3mzb7v2snhSdsSs5pb+8RJjjl07vOIjkc=','2014-12-11 11:13:15.643988',0,'gtraeg','qevzrg','sgzb','rzgbgrz@kd.fr',0,1,'2014-12-11 11:13:15.644034');
INSERT INTO auth_user VALUES(133,'pbkdf2_sha256$12000$fO7qMdC7nZ2K$zBovgV1OgMPAMNwHj4JjdU6YwE9CevBxDfeSBmJFC+Q=','2014-12-11 11:14:07.153674',0,'qeqetjzeae','zgzeg','zrgzrg','sgzrg@khgke.Fr',0,1,'2014-12-11 11:14:07.153731');
INSERT INTO auth_user VALUES(134,'pbkdf2_sha256$12000$Xst31WTtD2tU$SE2ObNqdpVN0kbuzhp4gWJ6R9D2ILTzpWSpPjFKAlpk=','2014-12-11 11:14:33.311572',0,'qeqetjzeaeqfqeg','zgzeg','zrgzrg','sgzrg@khgke.Fr',0,1,'2014-12-11 11:14:33.311609');
INSERT INTO auth_user VALUES(135,'pbkdf2_sha256$12000$OANPYaPbuojv$NDiTKGwO1fw50WZ2u3MAlYRhwJfDaxWZgg3Ii6oyfzM=','2014-12-11 11:16:10.472628',0,'qeqetjzeaeqfqegqqq','zgzeg','zrgzrg','sgzrg@khgke.Fr',0,1,'2014-12-11 11:16:10.472686');
INSERT INTO auth_user VALUES(136,'pbkdf2_sha256$12000$l5Hq6QfGOEyM$JBN/wGsxGMV7B8+khlk5pGicPFmGjoPZPzyUNE3ef88=','2014-12-11 11:16:30.698495',0,'qeqetjzeaeqfqegqqqqq','zgzeg','zrgzrg','sgzrg@khgke.Fr',0,1,'2014-12-11 11:16:30.698554');
INSERT INTO auth_user VALUES(137,'pbkdf2_sha256$12000$PZs5MUxXDtXk$Ll0vZEK4KCAS63d8t9tnoGeWRzh8LWJyMrNOrWreqB8=','2014-12-11 11:20:38.801642',0,'blobi','zgzeg','zrgzrg','sgzrg@khgke.Fr',0,1,'2014-12-11 11:20:38.801679');
INSERT INTO auth_user VALUES(138,'pbkdf2_sha256$12000$nDBcySU6wkN2$JZynaEkn1jygRIn0TLfWzbz4NUVeBcMMoicPh+bRnrs=','2014-12-11 12:02:32',0,'peterfoicik','pierre','foicik','pierre.foicik@gmail.com',0,1,'2014-12-11 12:02:32');
INSERT INTO auth_user VALUES(139,'pbkdf2_sha256$12000$zqdGlBsO7Xc8$HrqH9ASl7Ngsagy4sIZjZqTwv9UMlTxr2PVNz24pit4=','2014-12-12 22:35:43.784144',0,'groscon2000','papa','jyfj','hgfddftyui@hdfhj.fr',0,1,'2014-12-12 22:35:43.784189');
INSERT INTO auth_user VALUES(140,'pbkdf2_sha256$12000$k6HoaxBOXIbb$sUQgm6J/sUNidViXshcciu3vHxHYSG9w6NKq/EEYe1s=','2014-12-25 18:15:35.117017',0,'papa','pierre1','foicik','papa@papa.papa',0,1,'2014-12-25 18:15:35.117130');
CREATE TABLE "auth_user_groups" ("id" integer NOT NULL PRIMARY KEY AUTOINCREMENT, "user_id" integer NOT NULL REFERENCES "auth_user" ("id"), "group_id" integer NOT NULL REFERENCES "auth_group" ("id"), UNIQUE ("user_id", "group_id"));
CREATE TABLE "auth_user_user_permissions" ("id" integer NOT NULL PRIMARY KEY AUTOINCREMENT, "user_id" integer NOT NULL REFERENCES "auth_user" ("id"), "permission_id" integer NOT NULL REFERENCES "auth_permission" ("id"), UNIQUE ("user_id", "permission_id"));
CREATE TABLE "django_admin_log" ("id" integer NOT NULL PRIMARY KEY AUTOINCREMENT, "action_time" datetime NOT NULL, "object_id" text NULL, "object_repr" varchar(200) NOT NULL, "action_flag" smallint unsigned NOT NULL, "change_message" text NOT NULL, "content_type_id" integer NULL REFERENCES "django_content_type" ("id"), "user_id" integer NOT NULL REFERENCES "auth_user" ("id"));
INSERT INTO django_admin_log VALUES(1,'2014-12-08 23:45:50.991866',2,'test',1,'',4,1);
INSERT INTO django_admin_log VALUES(2,'2014-12-08 23:46:05.521349',1,5,1,'',7,1);
INSERT INTO django_admin_log VALUES(3,'2014-12-08 23:46:08.288513',1,'test établissement 5, 2014',1,'',8,1);
INSERT INTO django_admin_log VALUES(4,'2014-12-08 23:46:11.784411',1,'<class ''django.contrib.auth.models.User''>',1,'',9,1);
INSERT INTO django_admin_log VALUES(5,'2014-12-08 23:49:12.681464',3,'test2',1,'',4,1);
INSERT INTO django_admin_log VALUES(6,'2014-12-08 23:49:16.785495',2,'test2',1,'',9,1);
INSERT INTO django_admin_log VALUES(7,'2014-12-11 12:04:08.517718',138,'peterfoicik',2,'Aucun champ modifié.',4,1);
INSERT INTO django_admin_log VALUES(8,'2014-12-23 13:48:30.185859',1,'calcul niveau 5eme',1,'',10,1);
INSERT INTO django_admin_log VALUES(9,'2014-12-23 13:48:32.837505',1,'l''addition',1,'',11,1);
INSERT INTO django_admin_log VALUES(10,'2014-12-23 13:48:34.215031',1,'addition entier positif',1,'',12,1);
INSERT INTO django_admin_log VALUES(11,'2014-12-23 13:48:37.593810',1,'Calcul - addition',1,'',14,1);
INSERT INTO django_admin_log VALUES(12,'2014-12-23 16:02:42.672236',1,'Calcul - addition',2,'mes reponse « MesReponse object » ajouté.',14,1);
INSERT INTO django_admin_log VALUES(13,'2014-12-26 10:49:50.092950',2,6,1,'',7,1);
INSERT INTO django_admin_log VALUES(14,'2014-12-26 10:49:54.287472',3,4,1,'',7,1);
INSERT INTO django_admin_log VALUES(15,'2014-12-26 10:49:56.942328',4,3,1,'',7,1);
INSERT INTO django_admin_log VALUES(16,'2015-01-06 10:44:06.725362',2,'test qestion 2',1,'',14,1);
INSERT INTO django_admin_log VALUES(17,'2015-01-06 11:03:25.092756',2,'test seance 2',1,'',11,1);
INSERT INTO django_admin_log VALUES(18,'2015-01-06 11:40:04.042806',1,'calcul niveau 5eme',2,'Modifié full_description_sequence.',10,1);
INSERT INTO django_admin_log VALUES(19,'2015-01-06 11:40:44.141099',2,'pythagore niveau 5eme',1,'',10,1);
INSERT INTO django_admin_log VALUES(20,'2015-01-06 11:41:13.651543',3,'calcul 2 niveau 5eme',1,'',10,1);
INSERT INTO django_admin_log VALUES(21,'2015-01-06 12:34:49.019424',4,'test 3 niveau 5eme',1,'',10,1);
INSERT INTO django_admin_log VALUES(22,'2015-01-06 12:35:16.874716',5,'test4 niveau 5eme',1,'',10,1);
INSERT INTO django_admin_log VALUES(23,'2015-01-06 12:35:38.119683',6,'encore rien niveau 5eme',1,'',10,1);
INSERT INTO django_admin_log VALUES(24,'2015-01-07 08:51:04.607789',1,'test',1,'',16,1);
INSERT INTO django_admin_log VALUES(25,'2015-01-07 08:55:30.891932',6,'encore rien niveau 5eme',2,'Aucun champ modifié.',10,1);
INSERT INTO django_admin_log VALUES(26,'2015-01-07 09:56:03.987883',6,'encore rien niveau 5eme',2,'Modifié domaine_f.',10,1);
INSERT INTO django_admin_log VALUES(27,'2015-01-07 10:10:01.504096',5,'test4 niveau 5eme',2,'Modifié domaine_f.',10,1);
INSERT INTO django_admin_log VALUES(28,'2015-01-07 10:10:20.230834',1,'calcul niveau 5eme',2,'Modifié domaine_f.',10,1);
INSERT INTO django_admin_log VALUES(29,'2015-01-07 14:02:51.759734',2,'géometrie',1,'',16,1);
INSERT INTO django_admin_log VALUES(30,'2015-01-07 14:03:01.202953',3,'algèbre',1,'',16,1);
INSERT INTO django_admin_log VALUES(31,'2015-01-07 14:03:10.374664',4,'gestion de donnée',1,'',16,1);
INSERT INTO django_admin_log VALUES(32,'2015-01-07 14:03:29.185297',6,'encore rien niveau 5eme',2,'Modifié domaine_f.',10,1);
INSERT INTO django_admin_log VALUES(33,'2015-01-07 14:03:39.692812',4,'test 3 niveau 5eme',2,'Modifié domaine_f.',10,1);
INSERT INTO django_admin_log VALUES(34,'2015-01-07 14:03:48.479084',1,'calcul niveau 5eme',2,'Modifié domaine_f.',10,1);
INSERT INTO django_admin_log VALUES(35,'2015-01-07 14:10:13.371517',2,'géometrie',2,'Aucun champ modifié.',16,1);
INSERT INTO django_admin_log VALUES(36,'2015-01-07 14:10:18.443418',1,'test',2,'Aucun champ modifié.',16,1);
INSERT INTO django_admin_log VALUES(37,'2015-01-07 14:10:22.746349',1,'test',2,'Aucun champ modifié.',16,1);
INSERT INTO django_admin_log VALUES(38,'2015-01-07 14:10:26.470628',4,'gestion de donnée',2,'Aucun champ modifié.',16,1);
INSERT INTO django_admin_log VALUES(39,'2015-01-07 14:10:29.976884',3,'algèbre',2,'Aucun champ modifié.',16,1);
INSERT INTO django_admin_log VALUES(40,'2015-01-07 14:10:32.406736',2,'géometrie',2,'Aucun champ modifié.',16,1);
INSERT INTO django_admin_log VALUES(41,'2015-01-07 14:12:31.506524',4,'gestion de donnée',2,'Aucun champ modifié.',16,1);
INSERT INTO django_admin_log VALUES(42,'2015-01-07 14:12:34.885057',3,'algèbre',2,'Aucun champ modifié.',16,1);
INSERT INTO django_admin_log VALUES(43,'2015-01-07 14:12:38.226155',2,'géometrie',2,'Aucun champ modifié.',16,1);
INSERT INTO django_admin_log VALUES(44,'2015-01-07 14:12:41.670890',2,'géometrie',2,'Aucun champ modifié.',16,1);
INSERT INTO django_admin_log VALUES(45,'2015-01-07 14:12:44.999784',1,'test',2,'Aucun champ modifié.',16,1);
INSERT INTO django_admin_log VALUES(46,'2015-01-07 14:21:27.300831',1,'calcul litteral',2,'Modifié nom.',16,1);
INSERT INTO django_admin_log VALUES(47,'2015-01-07 14:56:22.464724',1,'calcul litteral',2,'Aucun champ modifié.',16,1);
INSERT INTO django_admin_log VALUES(48,'2015-01-07 14:56:23.749543',1,'calcul litteral',2,'Aucun champ modifié.',16,1);
INSERT INTO django_admin_log VALUES(49,'2015-01-07 14:56:24.793738',1,'calcul litteral',2,'Aucun champ modifié.',16,1);
INSERT INTO django_admin_log VALUES(50,'2015-01-07 14:56:26.272684',1,'calcul litteral',2,'Aucun champ modifié.',16,1);
INSERT INTO django_admin_log VALUES(51,'2015-01-07 14:56:50.919203',5,'dummy',1,'',16,1);
INSERT INTO django_admin_log VALUES(52,'2015-01-07 14:56:54.488667',5,'dummy',2,'Aucun champ modifié.',16,1);
INSERT INTO django_admin_log VALUES(53,'2015-01-07 14:56:55.102713',5,'dummy',2,'Aucun champ modifié.',16,1);
INSERT INTO django_admin_log VALUES(54,'2015-01-07 14:56:55.493324',5,'dummy',2,'Aucun champ modifié.',16,1);
INSERT INTO django_admin_log VALUES(55,'2015-01-07 14:58:59.474622',5,'dummy',2,'Aucun champ modifié.',16,1);
INSERT INTO django_admin_log VALUES(56,'2015-01-07 14:59:00.936844',5,'dummy',2,'Aucun champ modifié.',16,1);
INSERT INTO django_admin_log VALUES(57,'2015-01-07 14:59:01.392639',5,'dummy',2,'Aucun champ modifié.',16,1);
INSERT INTO django_admin_log VALUES(58,'2015-01-07 14:59:01.584596',5,'dummy',2,'Aucun champ modifié.',16,1);
INSERT INTO django_admin_log VALUES(59,'2015-01-07 14:59:33.001091',4,'gestion de données',2,'Modifié nom.',16,1);
INSERT INTO django_admin_log VALUES(60,'2015-01-07 14:59:56.420866',3,'Calcul Numérique',2,'Modifié nom.',16,1);
INSERT INTO django_admin_log VALUES(61,'2015-01-07 15:00:09.734166',2,'Géometrie',2,'Modifié nom.',16,1);
INSERT INTO django_admin_log VALUES(62,'2015-01-07 15:00:24.088142',1,'Calcul Litteral',2,'Modifié nom.',16,1);
INSERT INTO django_admin_log VALUES(63,'2015-01-07 15:01:16.052371',6,'encore rien niveau 5eme',3,'',10,1);
INSERT INTO django_admin_log VALUES(64,'2015-01-07 15:01:16.057847',5,'test4 niveau 5eme',3,'',10,1);
INSERT INTO django_admin_log VALUES(65,'2015-01-07 15:01:16.061507',4,'test 3 niveau 5eme',3,'',10,1);
INSERT INTO django_admin_log VALUES(66,'2015-01-07 15:01:16.065258',3,'calcul 2 niveau 5eme',3,'',10,1);
INSERT INTO django_admin_log VALUES(67,'2015-01-07 15:01:16.069039',2,'pythagore niveau 5eme',3,'',10,1);
INSERT INTO django_admin_log VALUES(68,'2015-01-07 15:01:16.072737',1,'calcul niveau 5eme',3,'',10,1);
INSERT INTO django_admin_log VALUES(69,'2015-01-07 16:23:10.849061',5,'dummy',3,'',16,1);
INSERT INTO django_admin_log VALUES(70,'2015-01-07 16:23:25.060095',4,'Gestion de données',2,'Modifié nom.',16,1);
INSERT INTO django_admin_log VALUES(71,'2015-01-08 07:53:47.142730',2,'test 3, 2015',1,'',8,1);
INSERT INTO django_admin_log VALUES(72,'2015-01-08 07:54:02.464865',1,'test niveau 3eme',1,'',10,1);
INSERT INTO django_admin_log VALUES(73,'2015-01-08 07:54:05.314312',3,'test',1,'',11,1);
INSERT INTO django_admin_log VALUES(74,'2015-01-08 07:54:06.252362',2,'test',1,'',12,1);
INSERT INTO django_admin_log VALUES(75,'2015-01-08 07:54:51.203244',3,'calcul simple',1,'',14,1);
INSERT INTO django_admin_log VALUES(76,'2015-01-08 07:55:42.438851',4,'question test',1,'',14,1);
INSERT INTO django_admin_log VALUES(77,'2015-01-08 10:57:03.316564',5,'question test',1,'',14,1);
INSERT INTO django_admin_log VALUES(78,'2015-01-08 15:16:09.929793',2,'STATISTIQUES 1',1,'',10,1);
INSERT INTO django_admin_log VALUES(79,'2015-01-08 15:18:04.950546',3,'STATISTIQUES 2',1,'',10,1);
INSERT INTO django_admin_log VALUES(80,'2015-01-08 15:18:18.494522',2,'STATISTIQUES 1',2,'Modifié ordre.',10,1);
INSERT INTO django_admin_log VALUES(81,'2015-01-08 15:18:28.465784',3,'STATISTIQUES 2',2,'Modifié ordre.',10,1);
INSERT INTO django_admin_log VALUES(82,'2015-01-08 15:19:26.772752',4,'PROBABILITES',1,'',10,1);
INSERT INTO django_admin_log VALUES(83,'2015-01-08 15:20:24.062076',5,'NOMBRES EN ECRITURE FRACTIONNAIRE',1,'',10,1);
INSERT INTO django_admin_log VALUES(84,'2015-01-08 15:20:51.831348',6,'CONFIGURATIONS DE THALES',1,'',10,1);
INSERT INTO django_admin_log VALUES(85,'2015-01-08 15:21:02.868619',6,'CONFIGURATIONS DE THALES',2,'competence « Connaître et utiliser la proportionnalité des longueurs pour les côtés des deux triangles déterminés par deux parallèles coupant deux droites sécantes » ajouté.',10,1);
INSERT INTO django_admin_log VALUES(86,'2015-01-08 15:21:21.207352',6,'CONFIGURATIONS DE THALES',2,'Aucun champ modifié.',10,1);
INSERT INTO django_admin_log VALUES(87,'2015-01-08 16:19:45.685956',7,'RACINES CARREES',1,'',10,1);
INSERT INTO django_admin_log VALUES(88,'2015-01-08 16:19:58.150843',7,'RACINES CARREES',2,'Aucun champ modifié.',10,1);
INSERT INTO django_admin_log VALUES(89,'2015-01-08 16:21:29.467648',8,'TRIANGLES RECTANGLES : trigonométrie ',1,'',10,1);
INSERT INTO django_admin_log VALUES(90,'2015-01-08 16:23:30.787655',9,'PLUS GRAND COMMUN DIVISEUR',1,'',10,1);
INSERT INTO django_admin_log VALUES(91,'2015-01-08 16:25:02.992141',10,'SECTIONS PLANES DE SOLIDES',1,'',10,1);
INSERT INTO django_admin_log VALUES(92,'2015-01-08 19:32:45.812337',2,'STATISTIQUES 1',2,'Modifié full_description_sequence.',10,1);
INSERT INTO django_admin_log VALUES(93,'2015-01-08 19:33:47.946657',1,'test niveau 3eme',2,'Modifié full_description_sequence.',10,1);
INSERT INTO django_admin_log VALUES(94,'2015-01-12 06:55:55.517715',4,'PROBABILITES',2,'Modifié niveau, domaine et ordre.',10,1);
INSERT INTO django_admin_log VALUES(95,'2015-01-12 06:57:39.470741',11,'Puissance et calcul litteral',1,'',10,1);
INSERT INTO django_admin_log VALUES(96,'2015-01-12 06:58:46.327768',12,'PUISSANCES ET CALCUL LITTERAL 2',1,'',10,1);
INSERT INTO django_admin_log VALUES(97,'2015-01-12 06:58:55.855112',11,'Puissance et calcul litteral',2,'Modifié ordre.',10,1);
INSERT INTO django_admin_log VALUES(98,'2015-01-12 06:59:40.750287',12,'PUISSANCES ET CALCUL LITTERAL 2',2,'Modifié full_description_sequence.',10,1);
INSERT INTO django_admin_log VALUES(99,'2015-01-12 07:01:24.770001',13,'CONFIGURATIONS DE THALES',1,'',10,1);
INSERT INTO django_admin_log VALUES(100,'2015-01-12 07:02:58.444260',14,'PROPORTIONNALITE ET FONCTIONS',1,'',10,1);
INSERT INTO django_admin_log VALUES(101,'2015-01-12 07:03:54.940802',15,'EQUATIONS ET INEQUATIONS',1,'',10,1);
INSERT INTO django_admin_log VALUES(102,'2015-01-12 07:04:01.870341',15,'EQUATIONS ET INEQUATIONS',2,'Aucun champ modifié.',10,1);
INSERT INTO django_admin_log VALUES(103,'2015-01-12 07:05:15.954045',16,'CONFIGURATIONS DE THALES 2',1,'',10,1);
INSERT INTO django_admin_log VALUES(104,'2015-01-12 07:05:55.805725',17,'EQUATIONS ET INEQUATIONS',1,'',10,1);
INSERT INTO django_admin_log VALUES(105,'2015-01-12 07:07:06.252710',18,'PROPORTIONNALITE ET FONCTIONS 2',1,'',10,1);
INSERT INTO django_admin_log VALUES(106,'2015-01-12 07:08:21.483966',19,'ANGLES INSCRITS ET POLYGONES REGULIERS',1,'',10,1);
INSERT INTO django_admin_log VALUES(107,'2015-01-12 07:08:50.015328',20,'EQUATIONS ET INEQUATIONS 3',1,'',10,1);
INSERT INTO django_admin_log VALUES(108,'2015-01-12 07:08:56.480467',17,'EQUATIONS ET INEQUATIONS 2',2,'Modifié short_description_sequence.',10,1);
INSERT INTO django_admin_log VALUES(109,'2015-01-12 07:12:46.638516',20,'EQUATIONS ET INEQUATIONS 3',2,'Modifié ordre.',10,1);
INSERT INTO django_admin_log VALUES(110,'2015-01-12 07:14:00.802978',21,'SECTIONS PLANES DE SOLIDES 2',1,'',10,1);
INSERT INTO django_admin_log VALUES(111,'2015-01-12 07:14:17.826770',18,'PROPORTIONNALITE ET FONCTIONS 3',2,'Modifié short_description_sequence.',10,1);
INSERT INTO django_admin_log VALUES(112,'2015-01-12 07:14:44.582133',22,'PROPORTIONNALITE ET FONCTIONS 2',1,'',10,1);
INSERT INTO django_admin_log VALUES(113,'2015-01-12 07:14:58.111079',22,'PROPORTIONNALITE ET FONCTIONS 2',2,'Modifié ordre.',10,1);
INSERT INTO django_admin_log VALUES(114,'2015-01-12 07:16:04.783189',14,'PROPORTIONNALITE ET FONCTIONS 3',2,'Modifié short_description_sequence.',10,1);
INSERT INTO django_admin_log VALUES(115,'2015-01-12 07:16:15.093231',18,'PROPORTIONNALITE ET FONCTIONS 4',2,'Modifié short_description_sequence.',10,1);
INSERT INTO django_admin_log VALUES(116,'2015-01-12 07:17:29.342602',23,'PROPORTIONNALITE ET FONCTIONS',1,'',10,1);
INSERT INTO django_admin_log VALUES(117,'2015-01-12 07:38:43.032170',2,'STATISTIQUES 1',2,'Modifié full_description_sequence.',10,1);
INSERT INTO django_admin_log VALUES(118,'2015-01-12 07:44:54.123207',1,'test niveau 3eme',2,'Modifié ordre.',10,1);
INSERT INTO django_admin_log VALUES(119,'2015-01-12 08:52:37.351562',4,'test2',1,'',11,1);
INSERT INTO django_admin_log VALUES(120,'2015-01-12 08:53:45.181184',5,'question test',2,'Modifié activite.',14,1);
INSERT INTO django_admin_log VALUES(121,'2015-01-12 08:53:49.508969',4,'question test',2,'Modifié activite.',14,1);
INSERT INTO django_admin_log VALUES(122,'2015-01-12 08:53:54.344308',3,'calcul simple',2,'Modifié activite.',14,1);
INSERT INTO django_admin_log VALUES(123,'2015-01-12 12:01:54.093885',4,'deuxième activité',1,'',12,1);
INSERT INTO django_admin_log VALUES(124,'2015-01-12 12:02:20.798276',3,'Multiples',2,'Modifié docfile.',12,1);
INSERT INTO django_admin_log VALUES(125,'2015-01-12 12:02:30.096554',3,'Multiples',2,'Modifié docfile.',12,1);
INSERT INTO django_admin_log VALUES(126,'2015-01-12 13:36:02.240997',4,'deuxième activité',2,'Modifié full_description_activite.',12,1);
INSERT INTO django_admin_log VALUES(127,'2015-01-12 13:43:20.072021',4,'deuxième activité',2,'Modifié full_description_activite.',12,1);
INSERT INTO django_admin_log VALUES(128,'2015-01-12 13:43:53.100099',4,'deuxième activité',2,'Modifié full_description_activite.',12,1);
INSERT INTO django_admin_log VALUES(129,'2015-01-13 10:48:51.775247',4,'deuxième activité',2,'Aucun champ modifié.',12,1);
INSERT INTO django_admin_log VALUES(130,'2015-01-13 10:49:15.963763',5,'Questionnaire',1,'',12,1);
INSERT INTO django_admin_log VALUES(131,'2015-01-13 10:50:11.165629',5,'question test',2,'Modifié activite.',14,1);
INSERT INTO django_admin_log VALUES(132,'2015-01-13 10:51:55.291724',5,'question test',2,'Modifié activite.',14,1);
INSERT INTO django_admin_log VALUES(133,'2015-01-13 10:52:31.799336',5,'Questionnaire',3,'',12,1);
INSERT INTO django_admin_log VALUES(134,'2015-01-13 10:55:27.736462',5,'ploup',1,'',11,1);
INSERT INTO django_admin_log VALUES(135,'2015-01-13 10:55:29.545497',4,'deuxième activité',2,'Modifié ma_seance.',12,1);
INSERT INTO django_admin_log VALUES(136,'2015-01-13 11:20:22.101712',5,'question test',2,'Modifié activite.',14,1);
INSERT INTO django_admin_log VALUES(137,'2015-01-13 11:22:39.321171',6,'questionnaire',1,'',12,1);
INSERT INTO django_admin_log VALUES(138,'2015-01-13 11:28:51.265474',6,'questionnaire',2,'Aucun champ modifié.',12,1);
INSERT INTO django_admin_log VALUES(139,'2015-01-13 11:29:37.597251',3,'calcul simple',2,'Modifié activite.',14,1);
INSERT INTO django_admin_log VALUES(140,'2015-01-14 18:28:53.466675',6,'bim',1,'',11,1);
INSERT INTO django_admin_log VALUES(141,'2015-01-14 18:28:57.418633',7,'bam',1,'',12,1);
INSERT INTO django_admin_log VALUES(142,'2015-01-14 18:29:34.534129',7,'bam',2,'Modifié docfile et ma_seance.',12,1);
INSERT INTO django_admin_log VALUES(143,'2015-01-14 18:31:10.489144',6,'Bing',1,'',14,1);
INSERT INTO django_admin_log VALUES(144,'2015-01-29 15:09:56.983539',7,'bam',2,'Modifié docfile.',12,1);
INSERT INTO django_admin_log VALUES(145,'2015-01-29 15:10:15.357087',4,'deuxième activité',2,'Modifié docfile.',12,1);
INSERT INTO django_admin_log VALUES(146,'2015-01-29 15:10:28.510615',3,'Multiples',2,'Modifié docfile.',12,1);
CREATE TABLE "django_content_type" ("id" integer NOT NULL PRIMARY KEY AUTOINCREMENT, "name" varchar(100) NOT NULL, "app_label" varchar(100) NOT NULL, "model" varchar(100) NOT NULL, UNIQUE ("app_label", "model"));
INSERT INTO django_content_type VALUES(1,'log entry','admin','logentry');
INSERT INTO django_content_type VALUES(2,'permission','auth','permission');
INSERT INTO django_content_type VALUES(3,'group','auth','group');
INSERT INTO django_content_type VALUES(4,'user','auth','user');
INSERT INTO django_content_type VALUES(5,'content type','contenttypes','contenttype');
INSERT INTO django_content_type VALUES(6,'session','sessions','session');
INSERT INTO django_content_type VALUES(7,'mes niveaux','MonEtablissement','mesniveaux');
INSERT INTO django_content_type VALUES(8,'mes classe','MonEtablissement','mesclasse');
INSERT INTO django_content_type VALUES(9,'eleve','MonEtablissement','eleve');
INSERT INTO django_content_type VALUES(10,'mes sequence','MonEtablissement','messequence');
INSERT INTO django_content_type VALUES(11,'mes seance','MonEtablissement','messeance');
INSERT INTO django_content_type VALUES(12,'mes activite','MonEtablissement','mesactivite');
INSERT INTO django_content_type VALUES(13,'progression eleve','MonEtablissement','progressioneleve');
INSERT INTO django_content_type VALUES(14,'mes question','MonEtablissement','mesquestion');
INSERT INTO django_content_type VALUES(15,'mes reponse','MonEtablissement','mesreponse');
INSERT INTO django_content_type VALUES(16,'domaine','MonEtablissement','domaine');
INSERT INTO django_content_type VALUES(18,'competence','MonEtablissement','competence');
CREATE TABLE "django_migrations" ("id" integer NOT NULL PRIMARY KEY AUTOINCREMENT, "app" varchar(255) NOT NULL, "name" varchar(255) NOT NULL, "applied" datetime NOT NULL);
INSERT INTO django_migrations VALUES(1,'contenttypes','0001_initial','2014-12-08 23:44:28.406866');
INSERT INTO django_migrations VALUES(2,'auth','0001_initial','2014-12-08 23:44:28.446202');
INSERT INTO django_migrations VALUES(3,'MonEtablissement','0001_initial','2014-12-08 23:44:28.679898');
INSERT INTO django_migrations VALUES(4,'admin','0001_initial','2014-12-08 23:44:28.717635');
INSERT INTO django_migrations VALUES(5,'sessions','0001_initial','2014-12-08 23:44:28.730346');
INSERT INTO django_migrations VALUES(6,'MonEtablissement','0002_auto_20150107_0836','2015-01-07 08:37:30.010257');
INSERT INTO django_migrations VALUES(7,'MonEtablissement','0003_auto_20150107_0848','2015-01-07 08:48:11.532126');
INSERT INTO django_migrations VALUES(8,'MonEtablissement','0004_auto_20150107_0850','2015-01-07 08:50:50.020995');
INSERT INTO django_migrations VALUES(9,'MonEtablissement','0005_messequence_domaine_f','2015-01-07 08:53:46.078578');
INSERT INTO django_migrations VALUES(10,'MonEtablissement','0006_competences','2015-01-07 15:21:27.891213');
INSERT INTO django_migrations VALUES(11,'MonEtablissement','0007_competences_sequence_f','2015-01-07 16:13:09.106016');
INSERT INTO django_migrations VALUES(12,'MonEtablissement','0008_auto_20150107_1617','2015-01-07 16:17:52.352830');
INSERT INTO django_migrations VALUES(13,'MonEtablissement','0009_auto_20150107_1620','2015-01-07 16:20:02.769890');
INSERT INTO django_migrations VALUES(14,'MonEtablissement','0010_auto_20150107_1622','2015-01-07 16:22:57.857571');
INSERT INTO django_migrations VALUES(15,'MonEtablissement','0011_auto_20150108_1120','2015-01-08 11:20:59.833704');
INSERT INTO django_migrations VALUES(16,'MonEtablissement','0012_auto_20150108_1507','2015-01-08 15:07:36.561453');
CREATE TABLE "django_session" ("session_key" varchar(40) NOT NULL PRIMARY KEY, "session_data" text NOT NULL, "expire_date" datetime NOT NULL);
INSERT INTO django_session VALUES('6cu6f2rmmxs7idpwlh5pc56lqp9fei0y','YmU1MmVmN2I5M2ZiNjdlNTEyMzBiZGY4N2FjYTc2Mjg4NWM0NGUwYjp7Il9hdXRoX3VzZXJfaGFzaCI6IjFlMDY5NTRmZTM2NTNjMDA4OWFhYTA0OWUwYjY5MWE4YTdkOWVhNjQiLCJfYXV0aF91c2VyX2JhY2tlbmQiOiJkamFuZ28uY29udHJpYi5hdXRoLmJhY2tlbmRzLk1vZGVsQmFja2VuZCIsIl9hdXRoX3VzZXJfaWQiOjF9','2014-12-22 23:45:12.689751');
INSERT INTO django_session VALUES('5py2ja23fkbzgeilo4zu30zopwi3qnzd','YmU1MmVmN2I5M2ZiNjdlNTEyMzBiZGY4N2FjYTc2Mjg4NWM0NGUwYjp7Il9hdXRoX3VzZXJfaGFzaCI6IjFlMDY5NTRmZTM2NTNjMDA4OWFhYTA0OWUwYjY5MWE4YTdkOWVhNjQiLCJfYXV0aF91c2VyX2JhY2tlbmQiOiJkamFuZ28uY29udHJpYi5hdXRoLmJhY2tlbmRzLk1vZGVsQmFja2VuZCIsIl9hdXRoX3VzZXJfaWQiOjF9','2014-12-23 00:12:30.174656');
INSERT INTO django_session VALUES('rln1nzupvory3tuvalpfxt86mvvu8chh','MWZhODExYWZhYTMxYjc2YzRhNzg0ZjM1NzI3MGFjMTMxZDAwOWY4MTp7Il9hdXRoX3VzZXJfYmFja2VuZCI6ImRqYW5nby5jb250cmliLmF1dGguYmFja2VuZHMuTW9kZWxCYWNrZW5kIiwiX2F1dGhfdXNlcl9oYXNoIjoiMWUwNjk1NGZlMzY1M2MwMDg5YWFhMDQ5ZTBiNjkxYThhN2Q5ZWE2NCIsIl9hdXRoX3VzZXJfaWQiOjEsImxvZ2dlZF91c2VyX2lkIjoxNDB9','2015-01-22 14:57:04.509242');
INSERT INTO django_session VALUES('h4kmzilefa2bsmk1z8lmasytchdg7ke7','OGQ5YmQ5MDViMTg0NDVmNGExNDMxM2Y3OGQxMDIxNWEwNDkwY2U4Yjp7ImxvZ2dlZF91c2VyX2lkIjoxNDB9','2015-01-08 19:23:08.395333');
INSERT INTO django_session VALUES('0nktsv5kbrx200jpjmpjnx478nfuhq5f','YjBiMGRkZWE4MDA4ODI5NTkyY2RkODg4ZDA5YzIwNGYzOTk0MTNmOTp7ImxvZ2dlZF91c2VyX2lkIjoxfQ==','2015-01-20 08:05:29.520771');
INSERT INTO django_session VALUES('zmw3bt6rlz9lqv4hxzun78z8bykdy7zt','NzljOTMzMDU1ODJlYmQyNzIyNmFiNGRhY2QyYmM4MDFlMDIxZWM4NTp7ImxvZ2dlZF91c2VyX2lkIjoxNDAsIl9hdXRoX3VzZXJfaGFzaCI6IjJhOWNmMDE0NDcxYTUyMDIyYTlkOTZmOTE5NDIyZDk2YjEyZWUyMWEiLCJfYXV0aF91c2VyX2lkIjoxLCJfYXV0aF91c2VyX2JhY2tlbmQiOiJkamFuZ28uY29udHJpYi5hdXRoLmJhY2tlbmRzLk1vZGVsQmFja2VuZCJ9','2015-02-20 20:25:14.104755');
INSERT INTO django_session VALUES('mgkziaoge4gapli8rsks7gsog8vrvw52','OGQ5YmQ5MDViMTg0NDVmNGExNDMxM2Y3OGQxMDIxNWEwNDkwY2U4Yjp7ImxvZ2dlZF91c2VyX2lkIjoxNDB9','2015-02-16 08:53:15.737788');
INSERT INTO django_session VALUES('aujco08w7ng8kei5ylhty8rv1yb4goyl','YjBiMGRkZWE4MDA4ODI5NTkyY2RkODg4ZDA5YzIwNGYzOTk0MTNmOTp7ImxvZ2dlZF91c2VyX2lkIjoxfQ==','2015-02-16 18:01:47.681122');
INSERT INTO django_session VALUES('nkj2ijpuwj4r3qryjxorc5gsyyjyi218','ZjQ1OWJmNzk4YmIxZGJhZTk5ZmFhZTQzNTg0MzBmNWQ4NDU1NWIxYTp7Il9hdXRoX3VzZXJfYmFja2VuZCI6ImRqYW5nby5jb250cmliLmF1dGguYmFja2VuZHMuTW9kZWxCYWNrZW5kIiwiX2F1dGhfdXNlcl9oYXNoIjoiMmE5Y2YwMTQ0NzFhNTIwMjJhOWQ5NmY5MTk0MjJkOTZiMTJlZTIxYSIsIl9hdXRoX3VzZXJfaWQiOjEsImxvZ2dlZF91c2VyX2lkIjoxNDB9','2015-03-12 08:49:22.089478');
CREATE TABLE sqlite_sequence(name,seq);
INSERT INTO sqlite_sequence VALUES('django_content_type',18);
INSERT INTO sqlite_sequence VALUES('django_migrations',16);
INSERT INTO sqlite_sequence VALUES('MonEtablissement_messeance',6);
INSERT INTO sqlite_sequence VALUES('MonEtablissement_mesactivite',7);
INSERT INTO sqlite_sequence VALUES('auth_permission',54);
INSERT INTO sqlite_sequence VALUES('auth_user',140);
INSERT INTO sqlite_sequence VALUES('django_admin_log',146);
INSERT INTO sqlite_sequence VALUES('MonEtablissement_mesniveaux',4);
INSERT INTO sqlite_sequence VALUES('MonEtablissement_mesquestion',6);
INSERT INTO sqlite_sequence VALUES('MonEtablissement_mesreponse',19);
INSERT INTO sqlite_sequence VALUES('MonEtablissement_eleve',61);
INSERT INTO sqlite_sequence VALUES('MonEtablissement_mesclasse',2);
INSERT INTO sqlite_sequence VALUES('MonEtablissement_domaine',5);
INSERT INTO sqlite_sequence VALUES('MonEtablissement_messequence',23);
INSERT INTO sqlite_sequence VALUES('MonEtablissement_progressioneleve',15);
INSERT INTO sqlite_sequence VALUES('MonEtablissement_competence',51);
CREATE INDEX MonEtablissement_competence_9d294253 ON "MonEtablissement_competence" ("sequence_f_id");
CREATE INDEX MonEtablissement_eleve_4bc5b636 ON "MonEtablissement_eleve" ("ma_classe_id");
CREATE INDEX MonEtablissement_mesactivite_ce9d1b5e ON "MonEtablissement_mesactivite" ("ma_seance_id");
CREATE INDEX MonEtablissement_mesclasse_5e55c74a ON "MonEtablissement_mesclasse" ("niveau_id");
CREATE INDEX MonEtablissement_mesquestion_6dab0a75 ON "MonEtablissement_mesquestion" ("activite_id");
CREATE INDEX MonEtablissement_mesreponse_7aa0f6ee ON "MonEtablissement_mesreponse" ("question_id");
CREATE INDEX MonEtablissement_messeance_e26e326d ON "MonEtablissement_messeance" ("ma_sequence_id");
CREATE INDEX MonEtablissement_messequence_4bc5b636 ON "MonEtablissement_messequence" ("ma_classe_id");
CREATE INDEX MonEtablissement_messequence_5e55c74a ON "MonEtablissement_messequence" ("niveau_id");
CREATE INDEX MonEtablissement_messequence_d7d3a0b6 ON "MonEtablissement_messequence" ("domaine_id");
CREATE INDEX MonEtablissement_progressioneleve_48b52943 ON "MonEtablissement_progressioneleve" ("eleve_id");
CREATE INDEX MonEtablissement_progressioneleve_6dab0a75 ON "MonEtablissement_progressioneleve" ("activite_id");
CREATE INDEX auth_group_permissions_0e939a4f ON "auth_group_permissions" ("group_id");
CREATE INDEX auth_group_permissions_8373b171 ON "auth_group_permissions" ("permission_id");
CREATE INDEX auth_permission_417f1b1c ON "auth_permission" ("content_type_id");
CREATE INDEX auth_user_groups_0e939a4f ON "auth_user_groups" ("group_id");
CREATE INDEX auth_user_groups_e8701ad4 ON "auth_user_groups" ("user_id");
CREATE INDEX auth_user_user_permissions_8373b171 ON "auth_user_user_permissions" ("permission_id");
CREATE INDEX auth_user_user_permissions_e8701ad4 ON "auth_user_user_permissions" ("user_id");
CREATE INDEX django_admin_log_417f1b1c ON "django_admin_log" ("content_type_id");
CREATE INDEX django_admin_log_e8701ad4 ON "django_admin_log" ("user_id");
CREATE INDEX django_session_de54fa62 ON "django_session" ("expire_date");
COMMIT;
